Date,nifty_close,midcap_close,vix_close,repo_rate,mf_cash_pct,liquidity_score,cash_allocation_pct
2020-04-13,8993.849609375,12375.7001953125,51.4575,4.4,2.776,0.33599999999999997,7.199999999999996
2020-04-15,8925.2998046875,12533.5,49.735,4.4,2.776,0.3533322432551412,10.666448651028237
2020-04-16,8992.7998046875,12760.349609375,46.095,4.4,2.776,0.38995887051128864,17.99177410225773
2020-04-17,9266.75,13046.7998046875,42.5925,4.4,2.776,0.42520193698509523,25.04038739701905
2020-04-20,9261.849609375,13113.650390625,43.455,4.4,2.776,0.41652323753223064,23.30464750644613
2020-04-21,8981.4501953125,12708.7001953125,45.1975,4.4,2.776,0.3989897490723854,19.79794981447708
2020-04-22,9187.2998046875,12803.599609375,42.8225,4.4,2.776,0.42288761713099804,24.577523426199612
2020-04-23,9313.900390625,12964.650390625,39.23,4.4,2.776,0.4590362870259732,31.807257405194644
2020-04-24,9154.400390625,12695.7001953125,39.1175,4.4,2.776,0.4601682913024338,32.03365826048676
2020-04-27,9282.2998046875,12893.7001953125,38.0425,4.4,2.776,0.47098522105527957,34.19704421105592
2020-04-28,9380.900390625,13061.0,35.355,4.4,2.776,0.49802754543739386,39.60550908747877
2020-04-29,9553.349609375,13227.5498046875,33.8375,4.4,2.776,0.513297025344318,42.6594050688636
2020-04-30,9859.900390625,13502.0,33.9875,4.4,2.776,0.5117876863090371,42.35753726180743
2020-05-04,9293.5,12908.400390625,43.67,4.4,2.776,0.41435985158166144,22.87197031633229
2020-05-05,9205.599609375,12817.400390625,43.6075,4.4,2.776,0.41498874284636184,22.997748569272368
2020-05-06,9270.900390625,12899.650390625,41.2475,4.4,2.776,0.43873567700144633,27.74713540028927
2020-05-07,9199.0498046875,12831.0,39.93,4.4,2.776,0.4519927048613294,30.398540972265884
2020-05-08,9251.5,12788.9501953125,38.4075,4.4,2.776,0.4673124960694296,33.46249921388592
2020-05-11,9239.2001953125,12863.400390625,38.0375,4.4,2.776,0.47103553235645557,34.20710647129111
2020-05-12,9196.5498046875,12771.2998046875,38.205,4.4,2.776,0.46935010376705866,33.87002075341174
2020-05-13,9383.5498046875,13064.0,38.835,4.4,2.776,0.46301087981887923,32.60217596377585
2020-05-14,9142.75,13018.2001953125,38.1825,4.4,2.776,0.4695765046223508,33.91530092447016
2020-05-15,9136.849609375,12992.0498046875,38.0175,4.4,2.776,0.47123677756115967,34.247355512231934
2020-05-18,8823.25,12409.349609375,40.915,4.4,2.776,0.44208137852965224,28.41627570593045
2020-05-19,8879.099609375,12471.150390625,39.4525,4.4,2.776,0.45679743412364,31.359486824728002
2020-05-20,9066.5498046875,12664.2001953125,35.81,4.4,2.776,0.4934492170303754,38.689843406075084
2020-05-21,9106.25,12762.650390625,32.985,4.4,2.776,0.5218751021948305,44.3750204389661
2020-05-22,9039.25,12668.0498046875,32.3775,4.0,2.776,0.5919879252877178,58.397585057543566
2020-05-26,9029.0498046875,12835.650390625,31.47,4.0,2.776,0.6011194264511667,60.22388529023333
2020-05-27,9314.9501953125,12911.25,31.2725,4.0,2.776,0.6031067228476197,60.62134456952394
2020-05-28,9490.099609375,13129.9501953125,30.0175,4.0,2.776,0.6157348594428024,63.14697188856048
2020-05-29,9580.2998046875,13273.0,30.22,4.0,2.776,0.6136972517451733,62.73945034903466
2020-06-01,9826.150390625,13684.650390625,30.7425,4.0,2.776,0.6084397207722785,61.6879441544557
2020-06-02,9979.099609375,13870.400390625,30.115,4.0,2.776,0.6147537890698699,62.95075781397398
2020-06-03,10061.5498046875,13924.2998046875,30.0425,4.0,2.776,0.6154833029369222,63.09666058738445
2020-06-04,10029.099609375,13912.7998046875,29.69,4.0,2.776,0.6190302496698321,63.80604993396643
2020-06-05,10142.150390625,14158.0498046875,28.68,4.0,2.776,0.6291931325073895,65.8386265014779
2020-06-08,10167.4501953125,14222.650390625,29.6475,4.0,2.776,0.6194578957298283,63.89157914596567
2020-06-09,10046.650390625,14168.650390625,30.205,4.0,2.776,0.6138481856487014,62.769637129740275
2020-06-10,10116.150390625,14342.0,29.4375,4.0,2.776,0.6215709703792215,64.3141940758443
2020-06-11,9902.0,14157.7998046875,29.66,4.0,2.776,0.6193321174768883,63.86642349537767
2020-06-12,9972.900390625,14339.349609375,30.8225,4.0,2.776,0.6076347399534621,61.52694799069241
2020-06-15,9813.7001953125,14168.5498046875,32.5775,4.0,2.776,0.5899754732406768,57.99509464813536
2020-06-16,9914.0,14230.599609375,32.965,4.0,2.776,0.5860763473995346,57.21526947990693
2020-06-17,9881.150390625,14246.7998046875,33.355,4.0,2.776,0.5821520659078046,56.430413181560915
2020-06-18,10091.650390625,14427.5498046875,31.455,4.0,2.776,0.6012703603546947,60.254072070938946
2020-06-19,10244.400390625,14565.849609375,29.965,4.0,2.776,0.6162631281051507,63.25262562103015
2020-06-22,10311.2001953125,14797.349609375,30.46,4.0,2.776,0.6112823092887241,62.25646185774482
2020-06-23,10471.0,15022.4501953125,29.34,4.0,2.776,0.622552040752154,64.51040815043079
2020-06-24,10305.2998046875,14809.9501953125,29.5775,4.0,2.776,0.6201622539462928,64.03245078925856
2020-06-25,10288.900390625,14941.400390625,29.7275,4.0,2.776,0.6186529149110119,63.730582982202385
2020-06-26,10383.0,14975.25,28.735,4.0,2.776,0.6286397081944533,65.72794163889066
2020-06-29,10312.400390625,14735.2001953125,28.91,4.0,2.776,0.6268788126532923,65.37576253065845
2020-06-30,10302.099609375,14704.0,29.1175,4.0,2.776,0.6247908936544871,64.95817873089743
2020-07-01,10430.0498046875,14777.7001953125,28.1175,4.0,2.776,0.6348531538896925,66.97063077793851
2020-07-02,10551.7001953125,14944.75,26.5075,4.0,2.776,0.651053392868373,70.21067857367461
2020-07-03,10607.349609375,15042.650390625,25.7675,4.0,2.776,0.658499465442425,71.699893088485
2020-07-06,10763.650390625,15297.150390625,25.1975,4.0,2.776,0.664234953776492,72.8469907552984
2020-07-07,10799.650390625,15364.099609375,25.1025,4.0,2.776,0.6651908684988366,73.03817369976731
2020-07-08,10705.75,15304.4501953125,26.1,4.0,2.776,0.6551537639142193,71.03075278284386
2020-07-09,10813.4501953125,15362.4501953125,24.9125,4.0,2.776,0.6671026979435255,73.4205395887051
2020-07-10,10768.0498046875,15253.599609375,24.9425,4.0,2.776,0.6668008301364694,73.36016602729389
2020-07-13,10802.7001953125,15217.150390625,25.2525,4.0,2.776,0.6636815294635557,72.73630589271114
2020-07-14,10607.349609375,15052.349609375,26.6375,4.0,2.776,0.6497452990377964,69.9490598075593
2020-07-15,10618.2001953125,14951.9501953125,26.29,4.0,2.776,0.6532419344695302,70.64838689390604
2020-07-16,10739.9501953125,15033.75,25.3625,4.0,2.776,0.6625746808376831,72.51493616753663
2020-07-17,10901.7001953125,15242.2998046875,24.1575,4.0,2.776,0.6746997044211056,74.93994088422113
2020-07-20,11022.2001953125,15388.5498046875,24.7125,4.0,2.776,0.6691151499905666,73.82302999811333
2020-07-21,11162.25,15402.349609375,24.4275,4.0,2.776,0.6719828941576003,74.39657883152006
2020-07-22,11132.599609375,15423.25,24.885,4.0,2.776,0.6673794100999937,73.47588201999874
2020-07-23,11215.4501953125,15571.599609375,24.64,4.0,2.776,0.669844663857619,73.9689327715238
2020-07-24,11194.150390625,15528.5498046875,24.535,4.0,2.776,0.6709012011823157,74.18024023646313
2020-07-27,11131.7998046875,15323.7998046875,25.0175,4.0,2.776,0.666046160618829,73.20923212376582
2020-07-28,11300.5498046875,15460.099609375,23.6425,4.0,2.776,0.6798817684422364,75.97635368844728
2020-07-29,11202.849609375,15535.0498046875,24.1125,4.0,2.776,0.6751525061316899,75.03050122633798
2020-07-30,11102.150390625,15405.7001953125,24.7275,4.0,2.776,0.6689642160870386,73.79284321740772
2020-07-31,11073.4501953125,15471.2998046875,24.1925,4.0,2.776,0.6743475253128735,74.86950506257469
2020-08-03,10891.599609375,15468.7001953125,25.185,4.0,2.776,0.6643607320294321,72.87214640588643
2020-08-04,11095.25,15640.400390625,23.815,4.0,2.776,0.6781460285516634,75.62920571033268
2020-08-05,11101.650390625,15725.7001953125,23.5675,4.0,2.776,0.6806364379598768,76.12728759197537
2020-08-06,11200.150390625,15905.150390625,23.15,4.0,2.776,0.684837431608075,76.967486321615
2020-08-07,11214.0498046875,16103.349609375,22.5775,4.0,2.776,0.69059807559273,78.11961511854601
2020-08-10,11270.150390625,16312.7001953125,22.51,4.0,2.776,0.6912772781586063,78.25545563172126
2020-08-11,11322.5,16256.7001953125,21.36,4.0,2.776,0.7028488774290925,80.56977548581851
2020-08-12,11308.400390625,16268.849609375,20.845,4.0,2.776,0.7080309414502233,81.60618829004466
2020-08-13,11300.4501953125,16524.80078125,20.5675,4.0,2.776,0.7108232186654928,82.16464373309856
2020-08-14,11178.400390625,16383.25,21.6725,4.0,2.776,0.699704421105591,79.9408842211182
2020-08-17,11247.099609375,16455.44921875,21.3075,4.0,2.776,0.7033771460914409,80.67542921828817
2020-08-18,11385.349609375,16660.05078125,20.43,4.0,2.776,0.7122067794478335,82.44135588956671
2020-08-19,11408.400390625,16763.80078125,19.9575,4.0,2.776,0.716961197408968,83.39223948179361
2020-08-20,11312.2001953125,16899.94921875,20.6175,4.0,2.776,0.7103201056537325,82.0640211307465
2020-08-21,11371.599609375,16982.19921875,19.9375,4.0,2.776,0.7171624426136721,83.43248852273443
2020-08-24,11466.4501953125,17101.44921875,19.23,4.0,2.776,0.7242814917300799,84.85629834601599
2020-08-25,11472.25,17159.650390625,19.315,4.0,2.776,0.7234261996100875,84.6852399220175
2020-08-26,11549.599609375,17249.44921875,19.3025,4.0,2.776,0.7235519778630275,84.7103955726055
2020-08-27,11559.25,17269.94921875,18.895,4.0,2.776,0.7276523489088738,85.53046978177476
2020-08-28,11647.599609375,17369.05078125,18.3475,4.0,2.776,0.7331614363876486,86.63228727752973
2020-08-31,11387.5,16682.650390625,22.835,4.0,2.776,0.6880070435821646,77.60140871643291
2020-09-01,11470.25,16819.400390625,21.8,4.0,2.776,0.6984214829256021,79.68429658512044
2020-09-02,11535.0,17069.69921875,21.105,4.0,2.776,0.7054147537890699,81.08295075781399
2020-09-03,11527.4501953125,17214.150390625,20.5025,4.0,2.776,0.7114772655807811,82.29545311615621
2020-09-04,11333.849609375,16926.19921875,22.1525,4.0,2.776,0.6948745361926922,78.97490723853845
2020-09-07,11355.0498046875,16780.25,22.0075,4.0,2.776,0.6963335639267971,79.26671278535943
2020-09-08,11317.349609375,16539.900390625,22.7225,4.0,2.776,0.6891390478586252,77.82780957172506
2020-09-09,11278.0,16450.150390625,22.23,4.0,2.776,0.694094711024464,78.81894220489279
2020-09-10,11449.25,16653.05078125,21.2625,4.0,2.776,0.7038299478020251,80.76598956040503
2020-09-11,11464.4501953125,16765.80078125,20.7125,4.0,2.776,0.709364190931388,81.8728381862776
2020-09-14,11440.0498046875,17206.5,21.19,4.0,2.776,0.7045594616690775,80.91189233381549
2020-09-15,11521.7998046875,17393.349609375,20.5975,4.0,2.776,0.7105213508584366,82.10427017168732
2020-09-16,11604.5498046875,17452.900390625,19.66,4.0,2.776,0.7199547198289417,83.99094396578833
2020-09-17,11516.099609375,17410.94921875,20.1,4.0,2.776,0.7155273253254513,83.10546506509026
2020-09-18,11504.9501953125,17399.44921875,20.045,4.0,2.776,0.7160807496383875,83.2161499276775
2020-09-21,11250.5498046875,16765.19921875,22.1875,4.0,2.776,0.6945223570844601,78.90447141689202
2020-09-22,11153.650390625,16507.75,21.41,4.0,2.776,0.7023457644173323,80.46915288346646
2020-09-23,11131.849609375,16453.44921875,20.99,4.0,2.776,0.7065719137161185,81.3143827432237
2020-09-24,10805.5498046875,16039.7998046875,23.51,4.0,2.776,0.6812150179234011,76.24300358468022
2020-09-25,11050.25,16504.0,20.675,4.0,2.776,0.7097415256902082,81.94830513804165
2020-09-28,11227.5498046875,16998.25,19.5725,4.0,2.776,0.720835167599522,84.16703351990441
2020-09-29,11222.400390625,16973.599609375,19.775,4.0,2.776,0.718797559901893,83.7595119803786
2020-09-30,11247.5498046875,16983.05078125,19.53,4.0,2.776,0.7212628136595183,84.25256273190365
2020-10-01,11416.9501953125,17125.0,18.35,4.0,2.776,0.7331362807370606,86.62725614741213
2020-10-05,11503.349609375,17107.94921875,19.705,4.0,2.776,0.7195019181183574,83.90038362367149
2020-10-06,11662.400390625,17216.25,19.635,4.0,2.776,0.7202062763348217,84.04125526696434
2020-10-07,11738.849609375,17128.400390625,20.06,4.0,2.776,0.7159298157348595,83.1859631469719
2020-10-08,11834.599609375,17146.349609375,20.38,4.0,2.776,0.7127098924595938,82.54197849191877
2020-10-09,11914.2001953125,17093.25,20.38,4.0,2.776,0.7127098924595938,82.54197849191877
2020-10-12,11930.9501953125,16994.650390625,21.1275,4.0,2.776,0.7051883529337778,81.03767058675557
2020-10-13,11934.5,16913.150390625,20.715,4.0,2.776,0.7093390352808,81.86780705616
2020-10-14,11971.0498046875,16886.25,20.21,4.0,2.776,0.7144204766995786,82.88409533991573
2020-10-15,11680.349609375,16599.599609375,22.0575,4.0,2.776,0.6958304509150368,79.16609018300737
2020-10-16,11762.4501953125,16787.0,21.645,4.0,2.776,0.699981133262059,79.9962266524118
2020-10-19,11873.0498046875,16915.849609375,21.8175,4.0,2.776,0.6982453933714861,79.64907867429721
2020-10-20,11896.7998046875,17023.25,22.69,4.0,2.776,0.6894660713162695,77.8932142632539
2020-10-21,11937.650390625,17065.44921875,22.915,4.0,2.776,0.6872020627633482,77.44041255266964
2020-10-22,11896.4501953125,17171.30078125,22.635,4.0,2.776,0.6900194956292057,78.00389912584114
2020-10-23,11930.349609375,17306.19921875,21.8275,4.0,2.776,0.698144770769134,79.6289541538268
2020-10-26,11767.75,17009.849609375,22.8325,4.0,2.776,0.6880321992327527,77.60643984655054
2020-10-27,11889.400390625,17217.25,22.195,4.0,2.776,0.6944468901326961,78.88937802653922
2020-10-28,11729.599609375,17047.599609375,23.28,4.0,2.776,0.6835293377774982,76.70586755549965
2020-10-29,11670.7998046875,16974.05078125,24.0225,4.0,2.776,0.6760581095528584,75.21162191057168
2020-10-30,11642.400390625,17066.5,24.7525,4.0,2.776,0.6687126595811583,73.74253191623167
2020-11-02,11669.150390625,17135.19921875,25.21,4.0,2.776,0.664109175523552,72.8218351047104
2020-11-03,11813.5,17254.900390625,24.24,4.0,2.776,0.6738695679517012,74.77391359034023
2020-11-04,11908.5,17367.05078125,23.2,4.0,2.776,0.6843343185963147,76.86686371926294
2020-11-05,12120.2998046875,17676.900390625,20.965,4.0,2.776,0.7068234702219987,81.36469404439973
2020-11-06,12263.5498046875,17802.75,20.4975,4.0,2.776,0.7115275768819571,82.30551537639143
2020-11-09,12461.0498046875,17957.400390625,20.1125,4.0,2.776,0.7154015470725112,83.08030941450225
2020-11-10,12631.099609375,18007.94921875,21.5775,4.0,2.776,0.7006603358279354,80.13206716558709
2020-11-11,12749.150390625,18075.0,22.0325,4.0,2.776,0.6960820074209169,79.21640148418338
2020-11-12,12690.7998046875,18182.900390625,20.62,4.0,2.776,0.7102949500031445,82.0589900006289
2020-11-13,12719.9501953125,18353.400390625,19.7025,4.0,2.776,0.7195270737689454,83.90541475378909
2020-11-17,12874.2001953125,18652.30078125,19.8025,4.0,2.776,0.7185208477454248,83.70416954908497
2020-11-18,12938.25,18924.150390625,19.12,4.0,2.776,0.7253883403559525,85.07766807119049
2020-11-19,12771.7001953125,18802.30078125,19.57,4.0,2.776,0.7208603232501101,84.17206465002202
2020-11-20,12859.0498046875,18962.55078125,19.6175,4.0,2.776,0.7203823658889378,84.07647317778756
2020-11-23,12926.4501953125,19211.400390625,20.7975,4.0,2.776,0.7085088988113956,81.70177976227912
2020-11-24,13055.150390625,19352.25,21.0575,4.0,2.776,0.7058927111502421,81.17854223004842
2020-11-25,12858.400390625,19032.599609375,23.1275,4.0,2.776,0.6850638324633671,77.01276649267342
2020-11-26,12987.0,19196.44921875,20.0225,4.0,2.776,0.7163071504936797,83.26143009873593
2020-11-27,12968.9501953125,19715.099609375,19.8175,4.0,2.776,0.7183699138418967,83.67398276837935
2020-12-01,13109.0498046875,19903.900390625,20.1825,4.0,2.776,0.7146971888560468,82.93943777120937
2020-12-02,13113.75,20001.69921875,19.9075,4.0,2.776,0.7174643104207283,83.49286208414567
2020-12-03,13133.900390625,20127.25,19.0,4.0,2.776,0.7265958115841771,85.31916231683542
2020-12-04,13258.5498046875,20197.30078125,18.0275,4.0,2.776,0.7363813596629143,87.27627193258286
2020-12-07,13355.75,20428.44921875,18.025,4.0,2.776,0.7364065153135023,87.28130306270046
2020-12-08,13392.9501953125,20439.19921875,18.6175,4.0,2.776,0.7304446261241432,86.08892522482864
2020-12-09,13529.099609375,20563.44921875,18.92,4.0,2.776,0.7274007924029935,85.4801584805987
2020-12-10,13478.2998046875,20392.69921875,18.7125,4.0,2.776,0.7294887114017987,85.89774228035975
2020-12-11,13513.849609375,20437.19921875,18.79,4.0,2.776,0.7287088862335702,85.74177724671405
2020-12-14,13558.150390625,20571.25,19.4025,4.0,2.776,0.722545751839507,84.5091503679014
2020-12-15,13567.849609375,20668.05078125,19.345,4.0,2.776,0.7231243318030313,84.62486636060625
2020-12-16,13682.7001953125,20906.44921875,19.2,4.0,2.776,0.724583359537136,84.91667190742722
2020-12-17,13740.7001953125,20849.400390625,19.1575,4.0,2.776,0.7250110055971323,85.00220111942646
2020-12-18,13760.5498046875,20797.44921875,18.6225,4.0,2.776,0.7303943148229671,86.07886296459343
2020-12-21,13328.400390625,19797.349609375,23.19,4.0,2.776,0.6844349411986668,76.88698823973336
2020-12-22,13466.2998046875,19964.900390625,21.985,4.0,2.776,0.6965599647820893,79.31199295641785
2020-12-23,13601.099609375,20439.94921875,20.495,4.0,2.776,0.7115527325325451,82.31054650650903
2020-12-24,13749.25,20475.75,19.9675,4.0,2.776,0.7168605748066159,83.37211496132319
2020-12-28,13873.2001953125,20718.599609375,20.4275,4.0,2.776,0.7122319350984215,82.44638701968431
2020-12-29,13932.599609375,20695.69921875,20.79,4.0,2.776,0.7085843657631596,81.71687315263193
2020-12-30,13981.9501953125,20741.69921875,21.11,4.0,2.776,0.7053644424878939,81.07288849757877
2020-12-31,13981.75,20842.5,21.095,4.0,2.776,0.7055153763914219,81.1030752782844
2021-01-04,14132.900390625,21388.5,20.03,4.0,2.776,0.7162316835419156,83.24633670838311
2021-01-05,14199.5,21533.94921875,20.46,4.0,2.776,0.7119049116407773,82.38098232815545
2021-01-06,14146.25,21651.55078125,20.995,4.0,2.776,0.7065216024149424,81.30432048298849
2021-01-07,14137.349609375,21964.55078125,20.615,4.0,2.776,0.7103452613043205,82.06905226086411
2021-01-08,14347.25,22194.099609375,20.64,4.0,2.776,0.7100937047984404,82.01874095968807
2021-01-11,14484.75,22140.099609375,22.3825,4.0,2.776,0.6925602163385951,78.51204326771902
2021-01-12,14563.4501953125,22289.150390625,22.8475,4.0,2.776,0.6878812653292246,77.57625306584491
2021-01-13,14564.849609375,22155.25,23.2925,4.0,2.776,0.6834035595245582,76.68071190491165
2021-01-14,14595.599609375,22169.400390625,23.0275,4.0,2.776,0.6860700584868876,77.21401169737753
2021-01-15,14433.7001953125,21934.25,24.01,4.0,2.776,0.6761838878057984,75.23677756115968
2021-01-18,14281.2998046875,21470.150390625,24.395,4.0,2.776,0.6723099176152443,74.46198352304886
2021-01-19,14521.150390625,21969.19921875,22.8975,4.0,2.776,0.6873781523174642,77.47563046349285
2021-01-20,14644.7001953125,22197.400390625,21.55,4.0,2.776,0.7009370479844035,80.1874095968807
2021-01-21,14590.349609375,21927.400390625,22.18,4.0,2.776,0.6945978240362242,78.91956480724484
2021-01-22,14371.900390625,21659.05078125,22.4225,4.0,2.776,0.6921577259291869,78.43154518583738
2021-01-25,14238.900390625,21455.19921875,23.245,4.0,2.776,0.6838815168857304,76.77630337714608
2021-01-27,13967.5,21115.349609375,24.3925,4.0,2.776,0.6723350732658324,74.46701465316649
2021-01-28,13817.5498046875,20989.94921875,24.29,4.0,2.776,0.673366454939941,74.6732909879882
2021-01-29,13634.599609375,20909.849609375,25.3425,4.0,2.776,0.6627759260423873,72.55518520847747
2021-02-01,14281.2001953125,21600.900390625,23.3225,4.0,2.776,0.6831016917175021,76.62033834350042
2021-02-02,14647.849609375,22115.099609375,23.345,4.0,2.776,0.68287529086221,76.575058172442
2021-02-03,14789.9501953125,22434.80078125,23.745,4.0,2.776,0.6788503867681278,75.77007735362557
2021-02-04,14895.650390625,22673.150390625,23.1225,4.0,2.776,0.6851141437645432,77.02282875290864
2021-02-05,14924.25,22425.900390625,23.415,4.0,2.776,0.6821709326457456,76.43418652914912
2021-02-08,15115.7998046875,22764.94921875,23.9575,4.0,2.776,0.6767121564681466,75.34243129362933
2021-02-09,15109.2998046875,22747.400390625,24.27,4.0,2.776,0.673567700144645,74.71354002892899
2021-02-10,15106.5,22926.44921875,23.9525,4.0,2.776,0.6767624677693227,75.35249355386455
2021-02-11,15173.2998046875,22968.099609375,23.045,4.0,2.776,0.6858939689327714,77.1787937865543
2021-02-12,15163.2998046875,22914.349609375,23.045,4.0,2.776,0.6858939689327714,77.1787937865543
2021-02-15,15314.7001953125,23213.650390625,21.475,4.0,2.776,0.701691717502044,80.3383435004088
2021-02-16,15313.4501953125,23316.5,21.78,4.0,2.776,0.6986227281303063,79.72454562606127
2021-02-17,15208.900390625,23388.30078125,21.505,4.0,2.776,0.7013898496949877,80.27796993899756
2021-02-18,15118.9501953125,23499.19921875,21.5425,4.0,2.776,0.7010125149361676,80.20250298723352
2021-02-19,14981.75,23118.75,22.25,4.0,2.776,0.6938934658197597,78.77869316395196
2021-02-22,14675.7001953125,22822.80078125,25.47,4.0,2.776,0.6614929878623986,72.29859757247972
2021-02-23,14707.7998046875,23053.349609375,25.2275,4.0,2.776,0.6639330859694359,72.78661719388718
2021-02-24,14982.0,23290.80078125,24.1675,4.0,2.776,0.6745990818187535,74.9198163637507
2021-02-25,15097.349609375,23646.80078125,22.8925,4.0,2.776,0.6874284636186403,77.48569272372806
2021-02-26,14529.150390625,23268.5,28.1425,4.0,2.776,0.6346015973838124,66.92031947676249
2021-03-01,14761.5498046875,23684.80078125,25.625,4.0,2.776,0.6599333375259417,71.98666750518835
2021-03-02,14919.099609375,24086.650390625,23.605,4.0,2.776,0.6802591032010565,76.0518206402113
2021-03-03,15245.599609375,24488.44921875,22.09,4.0,2.776,0.6955034274573926,79.10068549147852
2021-03-04,15080.75,24608.349609375,24.15,4.0,2.776,0.6747751713728696,74.95503427457392
2021-03-05,14938.099609375,24078.150390625,25.56,4.0,2.776,0.6605873844412302,72.11747688824605
2021-03-08,14956.2001953125,24149.30078125,24.675,4.0,2.776,0.6694924847493868,73.89849694987737
2021-03-09,15098.400390625,24024.25,22.495,4.0,2.776,0.6914282120621345,78.2856424124269
2021-03-10,15174.7998046875,24220.099609375,20.7475,4.0,2.776,0.7090120118231558,81.80240236463115
2021-03-12,15030.9501953125,24115.599609375,21.7075,4.0,2.776,0.6993522419973587,79.87044839947174
2021-03-15,14929.5,23952.30078125,21.2275,4.0,2.776,0.7041821269102573,80.83642538205146
2021-03-16,14910.4501953125,24048.30078125,20.19,4.0,2.776,0.7146217219042827,82.92434438085655
2021-03-17,14721.2998046875,23451.599609375,20.1575,4.0,2.776,0.714948745361927,82.9897490723854
2021-03-18,14557.849609375,23129.849609375,20.08,4.0,2.776,0.7157285705301554,83.14571410603108
2021-03-19,14744.0,23412.75,19.9875,4.0,2.776,0.7166593296019118,83.33186592038237
2021-03-22,14736.400390625,23603.599609375,20.4925,4.0,2.776,0.7115778881831332,82.31557763662664
2021-03-23,14814.75,23808.400390625,20.665,4.0,2.776,0.7098421482925603,81.96842965851206
2021-03-24,14549.400390625,23334.94921875,22.455,4.0,2.776,0.6918307024715427,78.36614049430854
2021-03-25,14324.900390625,22858.55078125,22.6975,4.0,2.776,0.6893906043645054,77.87812087290108
2021-03-26,14507.2998046875,23213.94921875,20.65,4.0,2.776,0.7099930821960884,81.99861643921767
2021-03-30,14845.099609375,23609.400390625,20.65,4.0,2.776,0.7099930821960884,81.99861643921767
2021-03-31,14690.7001953125,23693.150390625,20.645,4.0,2.776,0.7100433934972643,82.00867869945286
2021-04-01,14867.349609375,24117.75,19.9875,4.0,2.776,0.7166593296019118,83.33186592038237
2021-04-05,14637.7998046875,23798.599609375,21.215,4.0,2.776,0.7043079051631973,80.86158103263946
2021-04-06,14683.5,24016.19921875,20.84,4.0,2.776,0.7080812527513993,81.61625055027987
2021-04-07,14819.0498046875,24333.30078125,20.2475,4.0,2.776,0.7140431419407585,82.80862838815169
2021-04-07,14819.0498046875,24333.30078125,20.2475,4.0,2.776,0.7140431419407585,82.80862838815169
2021-04-08,14873.7998046875,24462.400390625,20.3125,4.0,2.776,0.7133890950254701,82.67781900509402
2021-04-09,14834.849609375,24505.69921875,19.785,4.0,2.776,0.718696937299541,83.7393874599082
2021-04-12,14310.7998046875,23114.150390625,22.995,4.0,2.776,0.6863970819445318,77.27941638890636
2021-04-13,14504.7998046875,23516.849609375,20.46,4.0,2.776,0.7119049116407773,82.38098232815545
2021-04-15,14581.4501953125,23530.0,20.89,4.0,2.776,0.707578139739639,81.51562794792781
2021-04-16,14617.849609375,23760.650390625,20.4025,4.0,2.776,0.7124834916043017,82.49669832086035
2021-04-19,14359.4501953125,23256.349609375,22.485,4.0,2.776,0.6915288346644866,78.30576693289731
2021-04-20,14296.400390625,23326.0,22.425,4.0,2.776,0.6921325702785988,78.42651405571975
2021-04-22,14406.150390625,23432.650390625,23.025,4.0,2.776,0.6860952141374757,77.21904282749513
2021-04-23,14341.349609375,23492.75,22.69,4.0,2.776,0.6894660713162695,77.8932142632539
2021-04-26,14485.0,23675.099609375,23.495,4.0,2.776,0.681365951826929,76.27319036538582
2021-04-27,14653.0498046875,24047.150390625,23.0825,4.0,2.776,0.6855166341739514,77.10332683479028
2021-04-28,14864.5498046875,24313.5,22.58,4.0,2.776,0.690572919942142,78.1145839884284
2021-04-29,14894.900390625,24286.44921875,23.305,4.0,2.776,0.6832777812716182,76.65555625432364
2021-04-30,14631.099609375,24195.900390625,23.0275,4.0,2.776,0.6860700584868876,77.21401169737753
2021-05-03,14634.150390625,24263.5,23.6925,4.0,2.776,0.6793786554304762,75.87573108609523
2021-05-04,14496.5,24167.80078125,23.01,4.0,2.776,0.6862461480410037,77.24922960820074
2021-05-05,14617.849609375,24410.099609375,21.9625,4.0,2.776,0.6967863656373814,79.35727312747628
2021-05-06,14724.7998046875,24639.0,22.035,4.0,2.776,0.6960568517703289,79.21137035406579
2021-05-07,14823.150390625,24545.650390625,20.8225,4.0,2.776,0.7082573423055154,81.65146846110308
2021-05-10,14942.349609375,24776.80078125,20.225,4.0,2.776,0.7142695427960506,82.85390855921013
2021-05-11,14850.75,24971.75,19.83,4.0,2.776,0.7182441355889567,83.64882711779134
2021-05-12,14696.5,24770.400390625,20.08,4.0,2.776,0.7157285705301554,83.14571410603108
2021-05-14,14677.7998046875,24363.650390625,20.2675,4.0,2.776,0.7138418967360544,82.76837934721087
2021-05-17,14923.150390625,24812.650390625,19.6075,4.0,2.776,0.7204829884912899,84.09659769825798
2021-05-18,15108.099609375,25266.650390625,19.24,4.0,2.776,0.7241808691277278,84.83617382554557
2021-05-19,15030.150390625,25232.80078125,19.3175,4.0,2.776,0.7234010439594994,84.68020879189989
2021-05-20,14906.0498046875,25211.69921875,19.6525,4.0,2.776,0.7200301867807056,84.00603735614112
2021-05-21,15175.2998046875,25413.400390625,19.08,4.0,2.776,0.7257908307653607,85.15816615307213
2021-05-24,15197.7001953125,25584.30078125,19.13,4.0,2.776,0.7252877177536005,85.0575435507201
2021-05-25,15208.4501953125,25544.349609375,18.8425,4.0,2.776,0.728180617571222,85.6361235142444
2021-05-26,15301.4501953125,25565.69921875,20.8725,4.0,2.776,0.7077542292937551,81.55084585875102
2021-05-27,15337.849609375,25704.900390625,19.91,4.0,2.776,0.7174391547701403,83.48783095402807
2021-05-28,15435.650390625,25695.099609375,17.4025,4.0,2.776,0.7426702723099177,88.53405446198353
2021-05-31,15582.7998046875,25775.44921875,16.885,4.0,2.776,0.7478774919816363,89.57549839632726
2021-06-01,15574.849609375,25749.5,17.3875,4.0,2.776,0.7428212062134457,88.56424124268915
2021-06-02,15576.2001953125,26118.0,17.21,4.0,2.776,0.7446072574051947,88.92145148103894
2021-06-03,15690.349609375,26362.55078125,15.745,4.0,2.776,0.7593484686497705,91.8696937299541
2021-06-04,15670.25,26551.599609375,15.94,4.0,2.776,0.7573863279039055,91.4772655807811
2021-06-07,15751.650390625,26881.400390625,15.5675,4.0,2.776,0.7611345198415194,92.22690396830387
2021-06-08,15740.099609375,27042.80078125,15.225,4.0,2.776,0.7645808439720773,92.91616879441546
2021-06-09,15635.349609375,26847.80078125,14.7525,4.0,2.776,0.7693352619332118,93.86705238664236
2021-06-10,15737.75,27268.44921875,15.0025,4.0,2.776,0.7668196968744104,93.3639393748821
2021-06-11,15799.349609375,27329.150390625,14.1025,4.0,2.776,0.7758757310860953,95.17514621721907
2021-06-14,15811.849609375,27198.5,14.715,4.0,2.776,0.769712596692032,93.9425193384064
2021-06-15,15869.25,27364.349609375,14.605,4.0,2.776,0.7708194453179046,94.16388906358092
2021-06-16,15767.5498046875,27108.5,14.865,4.0,2.776,0.7682032576567512,93.64065153135024
2021-06-17,15691.400390625,26776.349609375,15.2875,4.0,2.776,0.7639519527073769,92.79039054147539
2021-06-18,15683.349609375,26496.30078125,14.7975,4.0,2.776,0.7688824602226275,93.77649204452551
2021-06-21,15746.5,26705.19921875,15.06,4.0,2.776,0.7662411169108861,93.24822338217723
2021-06-22,15772.75,26732.75,14.7375,4.0,2.776,0.7694861958367398,93.89723916734796
2021-06-23,15686.9501953125,26675.849609375,15.365,4.0,2.776,0.7631721275391485,92.6344255078297
2021-06-24,15790.4501953125,26601.44921875,15.0975,4.0,2.776,0.765863782152066,93.1727564304132
2021-06-25,15860.349609375,26895.0,13.3675,4.0,2.776,0.7832714923589712,96.65429847179425
2021-06-28,15814.7001953125,27036.5,13.4025,4.0,2.776,0.7829193132507389,96.5838626501478
2021-06-29,15748.4501953125,26901.099609375,13.0025,4.0,2.776,0.7869442173448211,97.38884346896423
2021-06-30,15721.5,26970.75,13.045,4.0,2.776,0.7865165712848249,97.30331425696498
2021-07-01,15680.0,26882.599609375,12.84,4.0,2.776,0.788579334633042,97.7158669266084
2021-07-02,15722.2001953125,27020.099609375,12.09,4.0,2.776,0.796126029809446,99.2252059618892
2021-07-05,15834.349609375,27163.0,12.0675,4.0,2.776,0.796352430664738,99.27048613294761
2021-07-06,15818.25,27149.19921875,12.275,4.0,2.776,0.7942645116659329,98.85290233318659
2021-07-07,15879.650390625,27328.349609375,12.2125,4.0,2.776,0.7948934029306334,98.97868058612667
2021-07-08,15727.900390625,27213.19921875,13.56,4.0,2.776,0.7813345072636941,96.26690145273884
2021-07-09,15689.7998046875,27382.75,12.9425,4.0,2.776,0.7875479529589334,97.50959059178669
2021-07-12,15692.599609375,27503.599609375,12.9925,4.0,2.776,0.7870448399471731,97.40896798943463
2021-07-13,15812.349609375,27560.75,12.6225,4.0,2.776,0.7907678762341992,98.15357524683984
2021-07-14,15853.9501953125,27623.30078125,12.59,4.0,2.776,0.7910948996918433,98.21897993836866
2021-07-15,15924.2001953125,27754.69921875,12.27,4.0,2.776,0.7943148229671091,98.86296459342182
2021-07-16,15923.400390625,27851.150390625,11.705,4.0,2.776,0.8,100.0
2021-07-19,15752.400390625,27625.400390625,12.68,4.0,2.776,0.7901892962706748,98.03785925413496
2021-07-20,15632.099609375,27227.849609375,13.205,4.0,2.776,0.784906609647192,96.98132192943841
2021-07-22,15824.0498046875,27538.349609375,11.885,4.0,2.776,0.7981887931576631,99.63775863153262
2021-07-23,15856.0498046875,27584.80078125,11.7625,4.0,2.776,0.7994214200364758,99.88428400729515
2021-07-26,15824.4501953125,27573.849609375,12.45,4.0,2.776,0.792503616124772,98.50072322495441
2021-07-27,15746.4501953125,27455.099609375,13.2325,4.0,2.776,0.7846298974907239,96.92597949814477
2021-07-28,15709.400390625,27315.30078125,13.6925,4.0,2.776,0.7800012577825295,96.0002515565059
2021-07-29,15778.4501953125,27512.30078125,12.945,4.0,2.776,0.7875227973083454,97.50455946166909
2021-07-30,15763.0498046875,27815.25,12.8025,4.0,2.776,0.7889566693918622,97.79133387837243
2021-08-02,15885.150390625,28250.400390625,12.805,4.0,2.776,0.7889315137412742,97.78630274825485
2021-08-03,16130.75,28265.650390625,13.7475,4.0,2.776,0.7794478334695931,95.88956669391862
2021-08-04,16258.7998046875,27928.19921875,13.2125,4.0,2.776,0.784831142695428,96.96622853908559
2021-08-05,16294.599609375,27929.94921875,12.8725,4.0,2.776,0.7882523111753978,97.65046223507957
2021-08-06,16238.2001953125,27945.69921875,12.6075,4.0,2.776,0.7909188101377271,98.18376202754543
2021-08-09,16258.25,27742.5,12.605,4.0,2.776,0.7909439657883153,98.18879315766306
2021-08-10,16280.099609375,27439.25,12.705,4.0,2.776,0.7899377397647946,97.98754795295893
2021-08-11,16282.25,27406.30078125,12.7125,4.0,2.776,0.7898622728130307,97.97245456260613
2021-08-12,16364.400390625,27684.0,12.3725,4.0,2.776,0.7932834412930004,98.65668825860008
2021-08-13,16529.099609375,27600.099609375,12.99,4.0,2.776,0.7870699955977611,97.41399911955223
2021-08-16,16563.05078125,27507.44921875,13.4575,4.0,2.776,0.7823658889378027,96.47317778756054
2021-08-17,16614.599609375,27597.80078125,13.4125,4.0,2.776,0.7828186906483869,96.56373812967739
2021-08-18,16568.849609375,27676.80078125,12.905,4.0,2.776,0.7879252877177536,97.58505754355072
2021-08-20,16450.5,27124.75,14.015,4.0,2.776,0.7767561788566757,95.35123577133514
2021-08-23,16496.44921875,26892.69921875,13.685,4.0,2.776,0.7800767247342935,96.01534494685869
2021-08-24,16624.599609375,27276.69921875,13.1875,4.0,2.776,0.7850826992013081,97.01653984026163
2021-08-25,16634.650390625,27363.05078125,13.4975,4.0,2.776,0.7819633985283945,96.3926797056789
2021-08-26,16636.900390625,27416.0,13.5375,4.0,2.776,0.7815609081189863,96.31218162379726
2021-08-27,16705.19921875,27705.55078125,13.405,4.0,2.776,0.7828941576001509,96.57883152003018
2021-08-30,16931.05078125,28242.400390625,13.3175,4.0,2.776,0.7837746053707314,96.75492107414628
2021-08-31,17132.19921875,28417.25,14.52,4.0,2.776,0.7716747374378969,94.33494748757938
2021-09-01,17076.25,28629.44921875,14.185,4.0,2.776,0.7750455946166908,95.00911892333815
2021-09-02,17234.150390625,28916.650390625,14.24,4.0,2.776,0.7744921703037545,94.8984340607509
2021-09-03,17323.599609375,29060.05078125,14.5425,4.0,2.776,0.7714483365826049,94.28966731652099
2021-09-06,17377.80078125,29178.349609375,15.105,4.0,2.776,0.7657883152003019,93.15766304006038
2021-09-07,17362.099609375,29105.0,14.895,4.0,2.776,0.767901389849695,93.580277969939
2021-09-08,17353.5,29255.55078125,14.41,4.0,2.776,0.7727815860637696,94.55631721275391
2021-09-09,17369.25,29341.099609375,13.9425,4.0,2.776,0.7774856927237281,95.49713854474562
2021-09-13,17355.30078125,29473.44921875,14.025,4.0,2.776,0.7766555562543237,95.33111125086474
2021-09-14,17380.0,29871.650390625,13.575,4.0,2.776,0.7811835733601661,96.23671467203322
2021-09-15,17519.44921875,30175.599609375,13.73,4.0,2.776,0.7796239230237092,95.92478460474184
2021-09-16,17629.5,30283.099609375,14.4125,4.0,2.776,0.7727564304131815,94.55128608263631
2021-09-17,17585.150390625,29899.400390625,15.2325,4.0,2.776,0.7645053770203132,92.90107540406264
2021-09-20,17396.900390625,29254.849609375,17.4925,4.0,2.776,0.7417646688887491,88.35293377774983
2021-09-21,17562.0,29442.44921875,16.52,4.0,2.776,0.7515502169674864,90.31004339349728
2021-09-22,17546.650390625,29933.900390625,16.4925,4.0,2.776,0.7518269291239545,90.3653858247909
2021-09-23,17822.94921875,30380.849609375,16.6025,4.0,2.776,0.7507200804980819,90.14401609961638
2021-09-24,17853.19921875,30143.599609375,16.9225,4.0,2.776,0.7475001572228162,89.50003144456323
2021-09-27,17855.099609375,30152.44921875,18.0525,4.0,2.776,0.7361298031570342,87.22596063140685
2021-09-28,17748.599609375,29951.30078125,18.535,4.0,2.776,0.7312747625935476,86.25495251870953
2021-09-29,17711.30078125,30274.099609375,18.8375,4.0,2.776,0.728230928872398,85.6461857744796
2021-09-30,17618.150390625,30384.0,18.4025,4.0,2.776,0.7326080120747123,86.52160241494245
2021-10-01,17532.05078125,30396.849609375,17.21,4.0,2.776,0.7446072574051947,88.92145148103894
2021-10-04,17691.25,30875.349609375,16.735,4.0,2.776,0.7493868310169172,89.87736620338343
2021-10-05,17822.30078125,31009.400390625,16.3975,4.0,2.776,0.752782843846299,90.5565687692598
2021-10-06,17646.0,30728.19921875,17.3325,4.0,2.776,0.743374630526382,88.6749261052764
2021-10-07,17790.349609375,31304.44921875,16.155,4.0,2.776,0.7552229419533363,91.04458839066726
2021-10-08,17895.19921875,31437.75,15.6525,4.0,2.776,0.760279227721527,92.0558455443054
2021-10-11,17945.94921875,31630.80078125,16.085,4.0,2.776,0.7559273001698007,91.18546003396014
2021-10-12,17991.94921875,31805.5,15.8475,4.0,2.776,0.7583170869756619,91.66341739513238
2021-10-13,18161.75,32294.150390625,16.1,4.0,2.776,0.7557763662662725,91.1552732532545
2021-10-14,18338.55078125,32503.5,15.7675,4.0,2.776,0.7591220677944783,91.82441355889567
2021-10-18,18477.05078125,32884.80078125,17.185,4.0,2.776,0.7448588139110748,88.97176278221495
2021-10-19,18418.75,32170.69921875,17.3825,4.0,2.776,0.7428715175146218,88.57430350292435
2021-10-20,18266.599609375,31478.30078125,18.3125,4.0,2.776,0.7335136154958808,86.70272309917615
2021-10-21,18178.099609375,31356.150390625,18.035,4.0,2.776,0.7363058927111503,87.26117854223007
2021-10-22,18114.900390625,31082.44921875,17.545,4.0,2.776,0.7412364002264009,88.24728004528019
2021-10-25,18125.400390625,30553.400390625,17.61,4.0,2.776,0.7405823533111126,88.11647066222251
2021-10-26,18268.400390625,31101.94921875,16.7525,4.0,2.776,0.7492107414628011,89.84214829256022
2021-10-27,18210.94921875,31125.55078125,16.8275,4.0,2.776,0.7484560719451607,89.69121438903215
2021-10-28,17857.25,30514.05078125,17.9125,4.0,2.776,0.7375385195899629,87.50770391799257
2021-10-29,17671.650390625,30469.55078125,17.425,4.0,2.776,0.7424438714546255,88.48877429092511
2021-11-01,17929.650390625,31023.69921875,17.235,4.0,2.776,0.7443557008993146,88.87114017986292
2021-11-02,17888.94921875,31281.05078125,17.0625,4.0,2.776,0.7460914407898874,89.21828815797748
2021-11-03,17829.19921875,31197.5,16.125,4.0,2.776,0.7555248097603924,91.10496195207848
2021-11-04,17916.80078125,31442.650390625,15.7475,4.0,2.776,0.7593233129991824,91.86466259983649
2021-11-08,18068.55078125,31818.650390625,16.34,4.0,2.776,0.7533614238098233,90.67228476196466
2021-11-09,18044.25,32186.349609375,16.0025,4.0,2.776,0.7567574366392051,91.35148732784103
2021-11-10,18017.19921875,32044.44921875,16.305,4.0,2.776,0.7537136029180554,90.74272058361109
2021-11-11,17873.599609375,31782.150390625,16.3525,4.0,2.776,0.7532356455568833,90.64712911137666
2021-11-12,18102.75,31925.849609375,15.2175,4.0,2.776,0.7646563109238413,92.93126218476827
2021-11-15,18109.44921875,32028.30078125,15.465,4.0,2.776,0.7621659015156279,92.43318030312558
2021-11-16,17999.19921875,31942.55078125,15.195,4.0,2.776,0.7648827117791335,92.9765423558267
2021-11-17,17898.650390625,31729.0,14.98,4.0,2.776,0.7670460977297026,93.40921954594052
2021-11-18,17764.80078125,31271.400390625,14.8575,4.0,2.776,0.7682787246085152,93.65574492170305
2021-11-22,17416.55078125,30331.599609375,17.52,4.0,2.776,0.7414879567322811,88.29759134645622
2021-11-23,17503.349609375,30865.30078125,18.015,4.0,2.776,0.7365071379158543,87.30142758317086
2021-11-24,17415.05078125,30743.25,17.095,4.0,2.776,0.7457644173322433,89.15288346644866
2021-11-25,17536.25,30926.599609375,16.6625,4.0,2.776,0.7501163448839696,90.02326897679393
2021-11-26,17026.44921875,29920.400390625,20.8025,4.0,2.776,0.7084585875102195,81.6917175020439
2021-11-29,17053.94921875,29515.25,20.83,4.0,2.776,0.7081818753537514,81.63637507075029
2021-11-30,16983.19921875,29650.650390625,21.1675,4.0,2.776,0.7047858625243696,80.95717250487392
2021-12-01,17166.900390625,29955.69921875,19.4475,4.0,2.776,0.7220929501289227,84.41859002578454
2021-12-02,17401.650390625,30296.44921875,18.0875,4.0,2.776,0.735777624048802,87.1555248097604
2021-12-03,17196.69921875,30293.25,18.455,4.0,2.776,0.732079743412364,86.41594868247282
2021-12-06,16912.25,29863.19921875,20.0775,4.0,2.776,0.7157537261807434,83.15074523614868
2021-12-07,17176.69921875,30282.599609375,18.46,4.0,2.776,0.732029432111188,86.4058864222376
2021-12-08,17469.75,30769.150390625,17.265,4.0,2.776,0.7440538330922584,88.81076661845168
2021-12-09,17516.849609375,30955.19921875,16.6025,4.0,2.776,0.7507200804980819,90.14401609961638
2021-12-10,17511.30078125,31203.05078125,16.06,4.0,2.776,0.7561788566756809,91.23577133513618
2021-12-13,17368.25,31125.69921875,16.57,4.0,2.776,0.751047103955726,90.2094207911452
2021-12-14,17324.900390625,31067.25,16.9525,4.0,2.776,0.74719828941576,89.43965788315201
2021-12-15,17221.400390625,30888.55078125,17.2175,4.0,2.776,0.7445317904534305,88.90635809068611
2021-12-16,17248.400390625,30676.75,15.895,4.0,2.776,0.7578391296144897,91.56782592289795
2021-12-17,16985.19921875,29939.30078125,16.3375,4.0,2.776,0.7533865794604113,90.67731589208226
2021-12-20,16614.19921875,28838.19921875,18.965,4.0,2.776,0.7269479906924093,85.38959813848187
2021-12-21,16770.849609375,29207.75,17.5375,4.0,2.776,0.7413118671781649,88.26237343563298
2021-12-22,16955.44921875,29659.099609375,16.58,4.0,2.776,0.750946481353374,90.18929627067482
2021-12-23,17072.599609375,29927.30078125,15.825,4.0,2.776,0.758543487830954,91.7086975661908
2021-12-24,17003.75,29612.849609375,16.1475,4.0,2.776,0.7552984089051002,91.05968178102005
2021-12-27,17086.25,29743.150390625,17.1175,4.0,2.776,0.7455380164769512,89.10760329539023
2021-12-28,17233.25,30094.849609375,16.475,4.0,2.776,0.7520030186780706,90.40060373561413
2021-12-29,17213.599609375,30135.30078125,16.2425,4.0,2.776,0.7543424941827559,90.86849883655118
2021-12-30,17203.94921875,30023.25,16.565,4.0,2.776,0.7510974152569021,90.21948305138042
2021-12-31,17354.05078125,30442.900390625,16.2225,4.0,2.776,0.7545437393874599,90.90874787749198
2022-01-03,17625.69921875,30788.0,16.4525,4.0,2.776,0.7522294195333628,90.44588390667255
2022-01-04,17805.25,30870.349609375,16.12,4.0,2.776,0.7555751210615684,91.11502421231368
2022-01-05,17925.25,30917.55078125,17.2275,4.0,2.776,0.7444311678510785,88.88623357021571
2022-01-06,17745.900390625,30956.849609375,17.9775,4.0,2.776,0.7368844726746746,87.37689453493492
2022-01-07,17812.69921875,31111.55078125,17.6025,4.0,2.776,0.7406578202628766,88.13156405257533
2022-01-10,18003.30078125,31371.650390625,17.6775,4.0,2.776,0.7399031507452362,87.98063014904723
2022-01-11,18055.75,31400.400390625,17.7575,4.0,2.776,0.7390981699264197,87.81963398528396
2022-01-12,18212.349609375,31791.55078125,17.1825,4.0,2.776,0.7448839695616628,88.97679391233257
2022-01-13,18257.80078125,31997.19921875,16.705,4.0,2.776,0.7496886988239734,89.93773976479467
2022-01-14,18255.75,31989.650390625,16.555,4.0,2.776,0.7511980378592542,90.23960757185084
2022-01-17,18308.099609375,32040.599609375,16.765,4.0,2.776,0.7490849632098611,89.81699264197222
2022-01-18,18113.05078125,31381.44921875,17.78,4.0,2.776,0.7388717690711276,87.77435381422552
2022-01-19,17938.400390625,31363.30078125,17.8175,4.0,2.776,0.7384944343123074,87.69888686246149
2022-01-20,17757.0,31312.05078125,17.79,4.0,2.776,0.7387711464687756,87.75422929375513
2022-01-21,17617.150390625,30563.599609375,18.8875,4.0,2.776,0.7277278158606377,85.54556317212754
2022-01-24,17149.099609375,29383.0,22.825,4.0,2.776,0.6881076661845167,77.62153323690335
2022-01-25,17277.94921875,29676.900390625,21.3575,4.0,2.776,0.7028740330796805,80.57480661593611
2022-01-27,17110.150390625,29364.69921875,21.065,4.0,2.776,0.7058172441984781,81.16344883969563
2022-01-28,17101.94921875,29804.900390625,20.695,4.0,2.776,0.7095402804855041,81.90805609710083
2022-01-31,17339.849609375,30273.94921875,21.9525,4.0,2.776,0.6968869882397333,79.37739764794665
2022-02-01,17576.849609375,30611.599609375,19.9775,4.0,2.776,0.7167599522042639,83.35199044085279
2022-02-02,17780.0,30971.55078125,18.65,4.0,2.776,0.730117602666499,86.02352053329982
2022-02-03,17560.19921875,30673.900390625,19.16,4.0,2.776,0.7249858499465442,84.99716998930886
2022-02-04,17516.30078125,30441.55078125,18.8975,4.0,2.776,0.7276271932582856,85.52543865165713
2022-02-07,17213.599609375,30129.25,20.4375,4.0,2.776,0.7121313124960694,82.42626249921389
2022-02-08,17266.75,29916.849609375,19.685,4.0,2.776,0.7197031633230615,83.94063266461231
2022-02-09,17463.80078125,30257.099609375,18.555,4.0,2.776,0.7310735173888435,86.21470347776871
2022-02-10,17605.849609375,30343.44921875,17.71,4.0,2.776,0.739576127287592,87.9152254575184
2022-02-11,17374.75,29729.400390625,18.68,4.0,2.776,0.7298157348594428,85.96314697188858
2022-02-14,16842.80078125,28558.75,22.9775,4.0,2.776,0.6865731714986478,77.31463429972956
2022-02-15,17352.44921875,29375.30078125,20.6125,4.0,2.776,0.7103704169549085,82.07408339098171
2022-02-16,17322.19921875,29289.94921875,20.5925,4.0,2.776,0.7105716621596126,82.11433243192253
2022-02-17,17304.599609375,29201.30078125,22.005,4.0,2.776,0.696358719577385,79.27174391547702
2022-02-18,17276.30078125,28934.349609375,22.165,4.0,2.776,0.6947487579397522,78.94975158795044
2022-02-21,17206.650390625,28575.75,22.9025,4.0,2.776,0.6873278410162883,77.46556820325766
2022-02-22,17092.19921875,28284.900390625,26.6625,4.0,2.776,0.6494937425319163,69.89874850638326
2022-02-23,17063.25,28467.0,24.5425,4.0,2.776,0.6708257342305515,74.1651468461103
2022-02-24,16247.9501953125,26832.650390625,31.9825,4.0,2.776,0.5959625180806238,59.19250361612477
2022-02-25,16658.400390625,27953.30078125,26.74,4.0,2.776,0.6487139173636879,69.74278347273759
2022-02-28,16793.900390625,28223.44921875,28.57,4.0,2.776,0.6302999811332621,66.05999622665243
2022-03-02,16605.94921875,28217.099609375,29.2325,4.0,2.776,0.6236337337274386,64.72674674548772
2022-03-03,16498.05078125,28102.900390625,28.155,4.0,2.776,0.6344758191308723,66.89516382617445
2022-03-04,16245.349609375,27517.099609375,27.9575,4.0,2.776,0.6364631155273254,67.29262310546508
2022-03-07,15863.150390625,26865.900390625,29.33,4.0,2.776,0.6226526633545061,64.53053267090122
2022-03-08,16013.4501953125,27198.55078125,28.5875,4.0,2.776,0.6301238915791461,66.02477831582921
2022-03-09,16345.349609375,27785.5,27.4675,4.0,2.776,0.641393623042576,68.27872460851519
2022-03-10,16594.900390625,28038.69921875,25.5825,4.0,2.776,0.6603609835859381,72.07219671718762
2022-03-11,16630.44921875,28210.349609375,25.345,4.0,2.776,0.6627507703917992,72.55015407835984
2022-03-14,16871.30078125,28267.5,25.6775,4.0,2.776,0.6594050688635935,71.8810137727187
2022-03-15,16663.0,28021.349609375,26.73,4.0,2.776,0.6488145399660399,69.76290799320797
2022-03-16,16975.349609375,28584.55078125,24.1175,4.0,2.776,0.6751021948305138,75.02043896610276
2022-03-17,17287.05078125,28977.900390625,22.61,4.0,2.776,0.6902710521350859,78.05421042701718
2022-03-21,17117.599609375,28896.44921875,24.6225,4.0,2.776,0.6700207534117351,74.00415068234702
2022-03-22,17315.5,28977.30078125,24.07,4.0,2.776,0.675580152191686,75.1160304383372
2022-03-23,17245.650390625,29137.30078125,24.7475,4.0,2.776,0.6687629708823344,73.75259417646689
2022-03-24,17222.75,29308.349609375,23.93,4.0,2.776,0.6769888686246148,75.39777372492297
2022-03-25,17153.0,29274.55078125,23.43,4.0,2.776,0.6820199987422175,76.40399974844351
2022-03-28,17222.0,29221.19921875,22.61,4.0,2.776,0.6902710521350859,78.05421042701718
2022-03-29,17325.30078125,29342.30078125,21.3025,4.0,2.776,0.7034274573926169,80.68549147852339
2022-03-30,17498.25,29590.69921875,20.61,4.0,2.776,0.7103955726054966,82.07911452109931
2022-03-31,17464.75,29692.30078125,20.56,4.0,2.776,0.7108986856172568,82.17973712345136
2022-04-01,17670.44921875,30134.55078125,18.435,4.0,2.776,0.7322809886170681,86.45619772341362
2022-04-04,18053.400390625,30625.19921875,17.9075,4.0,2.776,0.7375888308911389,87.51776617822779
2022-04-05,17957.400390625,31046.69921875,18.4875,4.0,2.776,0.7317527199547198,86.35054399094396
2022-04-06,17807.650390625,31229.19921875,19.0225,4.0,2.776,0.726369410728885,85.273882145777
2022-04-07,17639.55078125,30911.30078125,18.9975,4.0,2.776,0.7266209672347652,85.32419344695305
2022-04-07,17639.55078125,30911.30078125,18.9975,4.0,2.776,0.7266209672347652,85.32419344695305
2022-04-08,17784.349609375,31214.19921875,17.6875,4.0,2.776,0.7398025281428842,87.96050562857684
2022-04-11,17674.94921875,31408.150390625,18.27,4.0,2.776,0.733941261555877,86.78825231117541
2022-04-12,17530.30078125,30804.900390625,18.1575,4.0,2.776,0.7350732658323377,87.01465316646754
2022-04-13,17475.650390625,30796.30078125,17.785,4.0,2.776,0.7388214577699516,87.76429155399032
2022-04-18,17173.650390625,30473.55078125,19.335,4.0,2.776,0.7232249544053833,84.64499088107665
2022-04-19,16958.650390625,30055.0,19.775,4.0,2.776,0.718797559901893,83.7595119803786
2022-04-20,17136.55078125,30279.25,18.6725,4.0,2.776,0.7298912018112069,85.9782403622414
2022-04-21,17392.599609375,30603.30078125,17.8525,4.0,2.776,0.7381422552040753,87.62845104081507
2022-04-22,17171.94921875,30315.849609375,18.3525,4.0,2.776,0.7331111250864726,86.62222501729453
2022-04-25,16953.94921875,29733.099609375,21.2575,4.0,2.776,0.7038802591032011,80.77605182064022
2022-04-26,17200.80078125,30215.349609375,19.1875,4.0,2.776,0.7247091377900761,84.94182755801522
2022-04-27,17038.400390625,29954.30078125,20.605,4.0,2.776,0.7104458839066725,82.0891767813345
2022-04-28,17245.05078125,30134.599609375,19.3775,4.0,2.776,0.7227973083453871,84.55946166907744
2022-04-29,17102.55078125,29880.349609375,19.415,4.0,2.776,0.7224199735865668,84.48399471731337
2022-05-02,17069.099609375,29703.400390625,20.2825,4.0,2.776,0.7136909628325263,82.73819256650526
2022-05-04,16677.599609375,29074.30078125,21.8775,4.4,2.776,0.6336416577573737,66.72833155147474
2022-05-05,16682.650390625,29104.349609375,20.2925,4.4,2.776,0.6495903402301741,69.91806804603483
2022-05-06,16411.25,28584.19921875,21.25,4.4,2.776,0.6399557260549651,67.99114521099303
2022-05-09,16301.849609375,28074.44921875,22.0325,4.4,2.776,0.6320820074209168,66.41640148418337
2022-05-10,16240.0498046875,27548.599609375,22.3025,4.4,2.776,0.6293651971574115,65.8730394314823
2022-05-11,16167.099609375,27450.80078125,22.8025,4.4,2.776,0.6243340670398088,64.86681340796176
2022-05-12,15808.0,26810.05078125,24.265,4.4,2.776,0.609618011445821,61.923602289164194
2022-05-13,15782.150390625,27085.650390625,23.485,4.4,2.776,0.6174665744292811,63.49331488585622
2022-05-16,15842.2998046875,27425.5,24.5275,4.4,2.776,0.6069766681340796,61.39533362681592
2022-05-17,16259.2998046875,28172.900390625,22.7425,4.4,2.776,0.6249378026539211,64.98756053078422
2022-05-18,16240.2998046875,28111.69921875,22.295,4.4,2.776,0.6294406641091754,65.88813282183509
2022-05-19,15809.400390625,27271.900390625,24.5575,4.4,2.776,0.6066748003270235,61.3349600654047
2022-05-20,16266.150390625,27872.19921875,23.1,4.4,2.776,0.6213405446198352,64.26810892396705
2022-05-23,16214.7001953125,27775.44921875,23.3975,4.4,2.776,0.6183470221998616,63.66940443997232
2022-05-24,16125.150390625,27595.30078125,25.635,4.4,2.776,0.5958327149235896,59.16654298471792
2022-05-25,16025.7998046875,26918.69921875,25.2825,4.4,2.776,0.5993796616564995,59.8759323312999
2022-05-26,16170.150390625,27281.150390625,22.7175,4.4,2.776,0.6251893591598012,65.03787183196025
2022-05-27,16352.4501953125,27657.25,21.48,4.4,2.776,0.6376414062008678,67.52828124017357
2022-05-30,16661.400390625,28326.349609375,19.98,4.4,2.776,0.6527347965536758,70.54695931073518
2022-05-31,16584.55078125,28288.349609375,20.4775,4.4,2.776,0.6477288220866612,69.54576441733224
2022-06-01,16522.75,28299.900390625,20.845,4.4,2.776,0.6440309414502232,68.80618829004464
2022-06-02,16628.0,28491.150390625,20.32,4.4,2.776,0.649313628073706,69.8627256147412
2022-06-03,16584.30078125,28023.349609375,19.975,4.4,2.776,0.6527851078548519,70.55702157097038
2022-06-06,16569.55078125,27992.650390625,20.2025,4.4,2.776,0.6504959436513427,70.09918873026854
2022-06-07,16416.349609375,27803.94921875,20.425,4.4,2.776,0.6482570907490095,69.6514181498019
2022-06-08,16356.25,27670.80078125,19.8375,4.9,2.776,0.5741686686371926,54.83373372743853
2022-06-09,16478.099609375,27805.900390625,19.14,4.9,2.776,0.5811870951512483,56.23741903024967
2022-06-10,16201.7998046875,27575.80078125,19.575,4.9,2.776,0.576810011948934,55.3620023897868
2022-06-13,15774.400390625,26777.80078125,22.365,4.9,2.776,0.548736305892711,49.74726117854221
2022-06-14,15732.099609375,26715.650390625,21.8875,4.9,2.776,0.5535410351550216,50.70820703100433
2022-06-15,15692.150390625,26809.0,22.1475,4.9,2.776,0.5509248474938683,50.184969498773654
2022-06-16,15360.599609375,26180.349609375,22.8675,4.9,2.776,0.5436800201245204,48.73600402490409
2022-06-17,15293.5,25877.69921875,22.7575,4.9,2.776,0.544786868750393,48.957373750078595
2022-06-20,15350.150390625,25292.900390625,22.4125,4.9,2.776,0.5482583485315389,49.65166970630778
2022-06-21,15638.7998046875,26194.400390625,21.1425,4.9,2.776,0.5610374190302496,52.20748380604993
2022-06-22,15413.2998046875,25767.849609375,21.3,4.9,2.776,0.5594526130432047,51.89052260864094
2022-06-23,15556.650390625,26079.94921875,20.88,4.9,2.776,0.563678762341991,52.7357524683982
2022-06-24,15699.25,26449.05078125,20.55,4.9,2.776,0.5669993082196088,53.39986164392175
2022-06-27,15832.0498046875,26713.25,21.005,4.9,2.776,0.5624209798125903,52.484195962518065
2022-06-28,15850.2001953125,26791.0,21.45,4.9,2.776,0.557943274007924,51.5886548015848
2022-06-29,15799.099609375,26672.150390625,21.9,4.9,2.776,0.5534152569020816,50.68305138041632
2022-06-30,15780.25,26452.75,21.84,4.9,2.776,0.5540189925161939,50.80379850323878
2022-07-01,15752.0498046875,26587.30078125,21.25,4.9,2.776,0.559955726054965,51.991145210993004
2022-07-04,15835.349609375,26769.55078125,20.9725,4.9,2.776,0.5627480032702346,52.54960065404691
2022-07-05,15810.849609375,26698.099609375,20.7875,4.9,2.776,0.5646095214137475,52.92190428274951
2022-07-06,15989.7998046875,27204.349609375,20.2675,4.9,2.776,0.5698418967360543,53.96837934721087
2022-07-07,16132.900390625,27572.44921875,19.2025,4.9,2.776,0.580558203886548,56.1116407773096
2022-07-08,16220.599609375,27649.05078125,18.395,4.9,2.776,0.5886834790264763,57.73669580529527
2022-07-11,16216.0,27908.05078125,18.3675,4.9,2.776,0.5889601911829445,57.79203823658891
2022-07-12,16058.2998046875,27782.05078125,18.5475,4.9,2.776,0.5871489843406075,57.4297968681215
2022-07-13,15966.650390625,27827.849609375,18.52,4.9,2.776,0.5874256964970757,57.48513929941513
2022-07-14,15938.650390625,27803.5,18.34,4.9,2.776,0.5892369033394126,57.84738066788252
2022-07-15,16049.2001953125,28017.25,17.5975,4.9,2.776,0.5967081315640526,59.34162631281051
2022-07-18,16278.5,28409.75,17.16,4.9,2.776,0.6011103704169549,60.222074083390986
2022-07-19,16340.5498046875,28600.94921875,17.2025,4.9,2.776,0.6006827243569586,60.13654487139172
2022-07-20,16520.849609375,28654.400390625,16.8225,4.9,2.776,0.6045063832463367,60.90127664926733
2022-07-21,16605.25,29049.150390625,16.8575,4.9,2.776,0.6041542041381045,60.830840827620904
2022-07-22,16719.44921875,29047.849609375,16.65,4.9,2.776,0.6062421231369096,61.24842462738192
2022-07-25,16631.0,29020.75,17.68,4.9,2.776,0.595877995094648,59.1755990189296
2022-07-26,16483.849609375,28658.75,18.17,4.9,2.776,0.5909474875793974,58.18949751587949
2022-07-27,16641.80078125,28976.30078125,18.13,4.9,2.776,0.5913499779888057,58.269995597761145
2022-07-28,16929.599609375,29219.75,17.0125,4.9,2.776,0.6025945538016477,60.51891076032955
2022-07-29,17158.25,29634.25,16.55,4.9,2.776,0.6072483491604301,61.44966983208603
2022-08-01,17340.05078125,30128.0,17.485,4.9,2.776,0.5978401358405132,59.568027168102645
2022-08-02,17345.44921875,30228.150390625,18.53,4.9,2.776,0.5873250738947235,57.46501477894471
2022-08-03,17388.150390625,30017.650390625,18.45,4.9,2.776,0.58813005471354,57.62601094270799
2022-08-04,17382.0,30190.849609375,19.2575,4.9,2.776,0.5800047795736116,56.000955914722326
2022-08-05,17397.5,30258.349609375,18.915,5.4,2.776,0.5034511037041696,40.690220740833915
2022-08-08,17525.099609375,30366.05078125,19.3025,5.4,2.776,0.4995519778630275,39.91039557260551
2022-08-10,17534.75,30318.900390625,19.5875,5.4,2.776,0.496684233695994,39.336846739198805
2022-08-11,17659.0,30583.849609375,18.355,5.4,2.776,0.5090859694358845,41.8171938871769
2022-08-12,17698.150390625,30806.349609375,17.6075,5.4,2.776,0.5166075089617005,43.3215017923401
2022-08-16,17825.25,31254.55078125,17.685,5.4,2.776,0.5158276837934721,43.16553675869442
2022-08-17,17944.25,31401.400390625,17.6775,5.4,2.776,0.5159031507452361,43.18063014904722
2022-08-18,17956.5,31460.19921875,17.35,5.4,2.776,0.5191985409722659,43.83970819445319
2022-08-19,17758.44921875,31005.0,18.285,5.4,2.776,0.5097903276523489,41.95806553046978
2022-08-22,17490.69921875,30379.5,19.0375,5.4,2.776,0.5022184768253568,40.44369536507136
2022-08-23,17577.5,30734.650390625,19.05,5.4,2.776,0.5020926985724168,40.41853971448336
2022-08-24,17604.94921875,30960.900390625,18.43,5.4,2.776,0.5083312999182441,41.66625998364882
2022-08-25,17522.44921875,30942.900390625,19.57,5.4,2.776,0.49686032325011004,39.37206465002201
2022-08-26,17558.900390625,31112.94921875,18.215,5.4,2.776,0.5104946858688133,42.098937173762664
2022-08-29,17312.900390625,30853.849609375,19.8225,5.4,2.776,0.49431960254072066,38.86392050814413
2022-08-30,17759.30078125,31481.69921875,18.7,5.4,2.776,0.5056144896547388,41.12289793094776
2022-09-01,17542.80078125,31516.30078125,19.8725,5.4,2.776,0.49381648952896046,38.76329790579209
2022-09-02,17539.44921875,31402.30078125,19.55,5.4,2.776,0.49706156845481414,39.41231369096283
2022-09-05,17665.80078125,31522.30078125,19.6625,5.4,2.776,0.49592956417835354,39.18591283567071
2022-09-06,17655.599609375,31706.05078125,19.525,5.4,2.776,0.4973131249606943,39.46262499213886
2022-09-07,17624.400390625,31865.55078125,19.3675,5.4,2.776,0.4988979309477391,39.77958618954782
2022-09-08,17798.75,31923.05078125,18.305,5.4,2.776,0.5095890824476448,41.91781648952896
2022-09-09,17833.349609375,32035.900390625,17.7175,5.4,2.776,0.5155006603358279,43.100132067165575
2022-09-12,17936.349609375,32345.44921875,17.9375,5.4,2.776,0.5132869630840827,42.657392616816544
2022-09-13,18070.05078125,32398.75,17.47,5.4,2.776,0.5179910697440413,43.598213948808265
2022-09-14,18003.75,32291.75,18.2775,5.4,2.776,0.509865794604113,41.9731589208226
2022-09-15,17877.400390625,32415.69921875,18.3925,5.4,2.776,0.5087086346770644,41.741726935412885
2022-09-16,17530.849609375,31494.900390625,19.8225,5.4,2.776,0.49431960254072066,38.86392050814413
2022-09-19,17622.25,31504.400390625,19.94,5.4,2.776,0.49313728696308406,38.62745739261682
2022-09-20,17816.25,31955.5,18.7975,5.4,2.776,0.5046334192818062,40.92668385636124
2022-09-21,17718.349609375,31718.69921875,19.325,5.4,2.776,0.4993255770077354,39.86511540154708
2022-09-22,17629.80078125,31826.099609375,18.815,5.4,2.776,0.5044573297276901,40.891465945538016
2022-09-23,17327.349609375,31078.69921875,20.5925,5.4,2.776,0.4865716621596126,37.31433243192252
2022-09-26,17016.30078125,30111.80078125,21.8925,5.4,2.776,0.4734907238538457,34.69814477076915
2022-09-27,17007.400390625,30160.69921875,21.5675,5.4,2.776,0.47676095843028743,35.35219168605749
2022-09-28,16858.599609375,30066.150390625,22.095,5.4,2.776,0.47145311615621655,34.29062323124331
2022-09-29,16818.099609375,30185.650390625,21.3025,5.4,2.776,0.47942745739261683,35.88549147852337
2022-09-30,17094.349609375,30668.30078125,19.9675,5.9,2.776,0.41286057480661587,22.572114961323177
2022-10-03,16887.349609375,30284.650390625,21.365,5.9,2.776,0.3987985661279164,19.759713225583287
2022-10-04,17274.30078125,31090.599609375,19.57,5.9,2.776,0.41686032325010997,23.372064650021997
2022-10-06,17331.80078125,31482.69921875,19.315,5.9,2.776,0.4194261996100873,23.885239922017465
2022-10-07,17314.650390625,31406.80078125,18.8125,5.9,2.776,0.42448248537827804,24.89649707565561
2022-10-10,17241.0,31109.349609375,19.6225,5.9,2.776,0.4163320545877617,23.26641091755234
2022-10-11,16983.55078125,30567.69921875,20.49,5.9,2.776,0.4076030438337211,21.52060876674422
2022-10-12,17123.599609375,30756.55078125,20.175,5.9,2.776,0.41077265580781075,22.15453116156215
2022-10-13,17014.349609375,30544.69921875,20.29,5.9,2.776,0.4096154958807621,21.923099176152427
2022-10-14,17185.69921875,30524.44921875,18.2575,5.9,2.776,0.430067039808817,26.013407961763402
2022-10-17,17311.80078125,30572.650390625,18.4175,5.9,2.776,0.4284570781711841,25.691415634236826
2022-10-18,17486.94921875,30908.0,17.4525,5.9,2.776,0.43816715929815725,27.63343185963145
2022-10-19,17512.25,30984.44921875,17.4875,5.9,2.776,0.4378149801899251,27.562996037985023
2022-10-20,17563.94921875,30901.349609375,17.2325,5.9,2.776,0.44038085654990244,28.07617130998049
2022-10-21,17576.30078125,30691.849609375,17.28,5.9,2.776,0.4399028991887302,27.980579837746046
2022-10-24,17730.75,30845.19921875,17.4225,5.9,2.776,0.43846902710521346,27.693805421042693
2022-10-25,17656.349609375,30982.69921875,16.88,5.9,2.776,0.44392780328281234,28.78556065656247
2022-10-27,17736.94921875,31172.349609375,16.5975,5.9,2.776,0.44677039179925787,29.354078359851577
2022-10-28,17786.80078125,31003.25,15.9225,5.9,2.776,0.4535624174580214,30.71248349160428
2022-10-31,18012.19921875,31432.30078125,15.8025,5.9,2.776,0.45476988868624607,30.953977737249218
2022-11-01,18145.400390625,31705.5,16.13,5.9,2.776,0.45147449845921633,30.29489969184327
2022-11-02,18082.849609375,31680.0,16.6625,5.9,2.776,0.44611634488396945,29.223268976793893
2022-11-03,18052.69921875,31786.849609375,15.9425,5.9,2.776,0.45336117225331735,30.67223445066347
2022-11-04,18117.150390625,31707.900390625,15.655,5.9,2.776,0.4562540720709389,31.25081441418778
2022-11-07,18202.80078125,31963.599609375,15.585,5.9,2.776,0.45695843028740324,31.39168605748065
2022-11-09,18157.0,31726.30078125,15.915,5.9,2.776,0.45363788440978553,30.72757688195711
2022-11-10,18028.19921875,31358.650390625,15.5675,5.9,2.776,0.4571345198415193,31.426903968303865
2022-11-11,18349.69921875,31381.69921875,14.405,5.9,2.776,0.4688318973649455,33.76637947298911
2022-11-14,18329.150390625,31399.150390625,14.91,5.9,2.776,0.4637504559461668,32.750091189233366
2022-11-15,18403.400390625,31403.55078125,14.635,5.9,2.776,0.4665175775108483,33.30351550216967
2022-11-16,18409.650390625,31197.900390625,15.1,5.9,2.776,0.46183862650147783,32.36772530029557
2022-11-17,18343.900390625,31072.0,14.8775,5.9,2.776,0.464077479403811,32.8154958807622
2022-11-18,18307.650390625,30916.69921875,14.39,5.9,2.776,0.46898283126847357,33.796566253694714
2022-11-21,18159.94921875,30901.5,14.7975,5.9,2.776,0.4648824602226274,32.976492044525486
2022-11-22,18244.19921875,31070.0,13.8425,5.9,2.776,0.47449191874724855,34.898383749449714
2022-11-23,18267.25,31150.650390625,14.0425,5.9,2.776,0.47247946670020746,34.4958933400415
2022-11-24,18484.099609375,31289.25,13.4775,5.9,2.776,0.47816464373309847,35.6329287466197
2022-11-25,18512.75,31587.650390625,13.3325,5.9,2.776,0.47962367146720325,35.92473429344065
2022-11-28,18562.75,31818.900390625,13.565,5.9,2.776,0.47728419596251803,35.45683919250361
2022-11-29,18618.05078125,31677.30078125,13.615,5.9,2.776,0.4767810829507578,35.356216590151554
2022-11-30,18758.349609375,32037.900390625,13.8075,5.9,2.776,0.4748440978554807,34.96881957109614
2022-12-01,18812.5,32283.849609375,13.36,5.9,2.776,0.4793469593107351,35.869391862147026
2022-12-02,18696.099609375,32566.849609375,13.45,5.9,2.776,0.47844135588956666,35.688271177913336
2022-12-05,18701.05078125,32646.94921875,13.7325,5.9,2.776,0.47559876737312107,35.11975347462422
2022-12-06,18642.75,32495.25,14.0425,5.9,2.776,0.47247946670020746,34.4958933400415
2022-12-07,18560.5,32308.30078125,14.0775,6.25,2.776,0.41612728759197537,23.225457518395075
2022-12-08,18609.349609375,32503.94921875,13.3975,6.25,2.776,0.422969624551915,24.593924910383002
2022-12-09,18496.599609375,32374.5,13.4775,6.25,2.776,0.4221646437330986,24.43292874661972
2022-12-12,18497.150390625,32490.94921875,13.3175,6.25,2.776,0.4237746053707314,24.754921074146285
2022-12-13,18608.0,32667.30078125,12.8825,6.25,2.776,0.42815168857304575,25.63033771460915
2022-12-14,18660.30078125,32863.19921875,12.885,6.25,2.776,0.4281265329224577,25.625306584491547
2022-12-15,18414.900390625,32530.75,13.7325,6.25,2.776,0.4195987673731212,23.91975347462424
2022-12-16,18269.0,32010.099609375,14.07,6.25,2.776,0.41620275454373945,23.240550908747892
2022-12-19,18420.44921875,32186.849609375,13.5525,6.25,2.776,0.42140997421545817,24.28199484309164
2022-12-20,18385.30078125,32117.0,13.78,6.25,2.776,0.419120810011949,23.824162002389805
2022-12-21,18199.099609375,31610.30078125,15.5625,6.25,2.776,0.4011848311426955,20.2369662285391
2022-12-22,18127.349609375,31336.650390625,15.1875,6.25,2.776,0.40495817873089746,20.991635746179494
2022-12-23,17806.80078125,30157.650390625,16.16,6.25,2.776,0.3951726306521603,19.034526130432063
2022-12-27,18132.30078125,31283.75,15.29,6.25,2.776,0.4039267970567889,20.785359411357785
2022-12-28,18122.5,31325.55078125,15.395,6.25,2.776,0.40287025973209234,20.57405194641847
2022-12-29,18191.0,31350.900390625,14.8125,6.25,2.776,0.4087315263190995,21.7463052638199
2022-12-30,18105.30078125,31509.099609375,14.8675,6.25,2.776,0.4081781020061632,21.635620401232647
2023-01-02,18197.44921875,31786.44921875,14.685,6.25,2.776,0.4100144644990882,22.00289289981764
2023-01-03,18232.55078125,31860.349609375,14.385,6.25,2.776,0.4130331425696498,22.606628513929962
2023-01-04,18042.94921875,31503.099609375,15.1975,6.25,2.776,0.40485755612854546,20.971511225709094
2023-01-05,17992.150390625,31661.5,14.9825,6.25,2.776,0.40702094207911454,21.40418841582291
2023-01-06,17859.44921875,31420.19921875,15.025,6.25,2.776,0.4065932960191183,21.318659203823664
2023-01-09,18101.19921875,31716.650390625,14.6525,6.25,2.776,0.4103414879567323,22.068297591346465
2023-01-10,17914.150390625,31559.30078125,15.51,6.25,2.776,0.40171309980504377,20.342619961008758
2023-01-11,17895.69921875,31457.19921875,15.435,6.25,2.776,0.40246776932268413,20.49355386453683
2023-01-12,17858.19921875,31360.099609375,15.275,6.25,2.776,0.404077730960317,20.815546192063405
2023-01-13,17956.599609375,31328.349609375,14.46,6.25,2.776,0.4122784730520093,22.455694610401867
2023-01-16,17894.849609375,31253.05078125,15.0225,6.25,2.776,0.40661845166970634,21.32369033394127
2023-01-17,18053.30078125,31217.599609375,14.59,6.25,2.776,0.41097037922143265,22.19407584428653
2023-01-18,18165.349609375,31379.30078125,14.3725,6.25,2.776,0.4131589208225898,22.631784164517967
2023-01-19,18107.849609375,31344.599609375,13.96,6.25,2.776,0.41730960316961196,23.461920633922396
2023-01-20,18027.650390625,31099.80078125,13.7875,6.25,2.776,0.4190453430601849,23.809068612036988
2023-01-23,18118.55078125,31273.80078125,13.6175,6.25,2.776,0.42075592730016986,24.151185460033975
2023-01-24,18118.30078125,31151.849609375,13.6575,6.25,2.776,0.4203534368907616,24.07068737815232
2023-01-25,17891.94921875,30694.30078125,14.655,6.25,2.776,0.4103163323061443,22.06326646122886
2023-01-27,17604.349609375,30241.900390625,17.32,6.25,2.776,0.3835004087793221,16.700081755864428
2023-01-30,17648.94921875,30185.849609375,17.71,6.25,2.776,0.379576127287592,15.9152254575184
2023-01-31,17662.150390625,30676.44921875,16.875,6.25,2.776,0.38797811458398845,17.595622916797694
2023-02-01,17616.30078125,30386.650390625,16.78,6.25,2.776,0.388934029306333,17.786805861266597
2023-02-02,17610.400390625,30433.0,15.7325,6.25,2.776,0.3994742469027106,19.894849380542123
2023-02-03,17854.05078125,30378.099609375,14.3975,6.25,2.776,0.41290736431670966,22.581472863341933
2023-02-06,17764.599609375,30670.650390625,14.6875,6.25,2.776,0.40998930884850016,21.997861769700034
2023-02-07,17721.5,30663.80078125,14.125,6.25,2.776,0.41564933023080314,23.12986604616063
2023-02-08,17871.69921875,30944.0,13.595,6.5,2.776,0.3809823281554619,16.196465631092384
