Date,nifty_close,midcap_close,vix_close,repo_rate,mf_cash_pct
,^NSEI,NIFTY_MIDCAP_100.NS,,,
2020-04-13,8993.849609375,12375.7001953125,51.4575,4.4,2.776
2020-04-15,8925.2998046875,12533.5,49.735,4.4,2.776
2020-04-16,8992.7998046875,12760.349609375,46.095,4.4,2.776
2020-04-17,9266.75,13046.7998046875,42.5925,4.4,2.776
2020-04-20,9261.849609375,13113.650390625,43.455,4.4,2.776
2020-04-21,8981.4501953125,12708.7001953125,45.1975,4.4,2.776
2020-04-22,9187.2998046875,12803.599609375,42.8225,4.4,2.776
2020-04-23,9313.900390625,12964.650390625,39.23,4.4,2.776
2020-04-24,9154.400390625,12695.7001953125,39.1175,4.4,2.776
2020-04-27,9282.2998046875,12893.7001953125,38.0425,4.4,2.776
2020-04-28,9380.900390625,13061.0,35.355,4.4,2.776
2020-04-29,9553.349609375,13227.5498046875,33.8375,4.4,2.776
2020-04-30,9859.900390625,13502.0,33.9875,4.4,2.776
2020-05-04,9293.5,12908.400390625,43.67,4.4,2.776
2020-05-05,9205.599609375,12817.400390625,43.6075,4.4,2.776
2020-05-06,9270.900390625,12899.650390625,41.2475,4.4,2.776
2020-05-07,9199.0498046875,12831.0,39.93,4.4,2.776
2020-05-08,9251.5,12788.9501953125,38.4075,4.4,2.776
2020-05-11,9239.2001953125,12863.400390625,38.0375,4.4,2.776
2020-05-12,9196.5498046875,12771.2998046875,38.205,4.4,2.776
2020-05-13,9383.5498046875,13064.0,38.835,4.4,2.776
2020-05-14,9142.75,13018.2001953125,38.1825,4.4,2.776
2020-05-15,9136.849609375,12992.0498046875,38.0175,4.4,2.776
2020-05-18,8823.25,12409.349609375,40.915,4.4,2.776
2020-05-19,8879.099609375,12471.150390625,39.4525,4.4,2.776
2020-05-20,9066.5498046875,12664.2001953125,35.81,4.4,2.776
2020-05-21,9106.25,12762.650390625,32.985,4.4,2.776
2020-05-22,9039.25,12668.0498046875,32.3775,4.0,2.776
2020-05-26,9029.0498046875,12835.650390625,31.47,4.0,2.776
2020-05-27,9314.9501953125,12911.25,31.2725,4.0,2.776
2020-05-28,9490.099609375,13129.9501953125,30.0175,4.0,2.776
2020-05-29,9580.2998046875,13273.0,30.22,4.0,2.776
2020-06-01,9826.150390625,13684.650390625,30.7425,4.0,2.776
2020-06-02,9979.099609375,13870.400390625,30.115,4.0,2.776
2020-06-03,10061.5498046875,13924.2998046875,30.0425,4.0,2.776
2020-06-04,10029.099609375,13912.7998046875,29.69,4.0,2.776
2020-06-05,10142.150390625,14158.0498046875,28.68,4.0,2.776
2020-06-08,10167.4501953125,14222.650390625,29.6475,4.0,2.776
2020-06-09,10046.650390625,14168.650390625,30.205,4.0,2.776
2020-06-10,10116.150390625,14342.0,29.4375,4.0,2.776
2020-06-11,9902.0,14157.7998046875,29.66,4.0,2.776
2020-06-12,9972.900390625,14339.349609375,30.8225,4.0,2.776
2020-06-15,9813.7001953125,14168.5498046875,32.5775,4.0,2.776
2020-06-16,9914.0,14230.599609375,32.965,4.0,2.776
2020-06-17,9881.150390625,14246.7998046875,33.355,4.0,2.776
2020-06-18,10091.650390625,14427.5498046875,31.455,4.0,2.776
2020-06-19,10244.400390625,14565.849609375,29.965,4.0,2.776
2020-06-22,10311.2001953125,14797.349609375,30.46,4.0,2.776
2020-06-23,10471.0,15022.4501953125,29.34,4.0,2.776
2020-06-24,10305.2998046875,14809.9501953125,29.5775,4.0,2.776
2020-06-25,10288.900390625,14941.400390625,29.7275,4.0,2.776
2020-06-26,10383.0,14975.25,28.735,4.0,2.776
2020-06-29,10312.400390625,14735.2001953125,28.91,4.0,2.776
2020-06-30,10302.099609375,14704.0,29.1175,4.0,2.776
2020-07-01,10430.0498046875,14777.7001953125,28.1175,4.0,2.776
2020-07-02,10551.7001953125,14944.75,26.5075,4.0,2.776
2020-07-03,10607.349609375,15042.650390625,25.7675,4.0,2.776
2020-07-06,10763.650390625,15297.150390625,25.1975,4.0,2.776
2020-07-07,10799.650390625,15364.099609375,25.1025,4.0,2.776
2020-07-08,10705.75,15304.4501953125,26.1,4.0,2.776
2020-07-09,10813.4501953125,15362.4501953125,24.9125,4.0,2.776
2020-07-10,10768.0498046875,15253.599609375,24.9425,4.0,2.776
2020-07-13,10802.7001953125,15217.150390625,25.2525,4.0,2.776
2020-07-14,10607.349609375,15052.349609375,26.6375,4.0,2.776
2020-07-15,10618.2001953125,14951.9501953125,26.29,4.0,2.776
2020-07-16,10739.9501953125,15033.75,25.3625,4.0,2.776
2020-07-17,10901.7001953125,15242.2998046875,24.1575,4.0,2.776
2020-07-20,11022.2001953125,15388.5498046875,24.7125,4.0,2.776
2020-07-21,11162.25,15402.349609375,24.4275,4.0,2.776
2020-07-22,11132.599609375,15423.25,24.885,4.0,2.776
2020-07-23,11215.4501953125,15571.599609375,24.64,4.0,2.776
2020-07-24,11194.150390625,15528.5498046875,24.535,4.0,2.776
2020-07-27,11131.7998046875,15323.7998046875,25.0175,4.0,2.776
2020-07-28,11300.5498046875,15460.099609375,23.6425,4.0,2.776
2020-07-29,11202.849609375,15535.0498046875,24.1125,4.0,2.776
2020-07-30,11102.150390625,15405.7001953125,24.7275,4.0,2.776
2020-07-31,11073.4501953125,15471.2998046875,24.1925,4.0,2.776
2020-08-03,10891.599609375,15468.7001953125,25.185,4.0,2.776
2020-08-04,11095.25,15640.400390625,23.815,4.0,2.776
2020-08-05,11101.650390625,15725.7001953125,23.5675,4.0,2.776
2020-08-06,11200.150390625,15905.150390625,23.15,4.0,2.776
2020-08-07,11214.0498046875,16103.349609375,22.5775,4.0,2.776
2020-08-10,11270.150390625,16312.7001953125,22.51,4.0,2.776
2020-08-11,11322.5,16256.7001953125,21.36,4.0,2.776
2020-08-12,11308.400390625,16268.849609375,20.845,4.0,2.776
2020-08-13,11300.4501953125,16524.80078125,20.5675,4.0,2.776
2020-08-14,11178.400390625,16383.25,21.6725,4.0,2.776
2020-08-17,11247.099609375,16455.44921875,21.3075,4.0,2.776
2020-08-18,11385.349609375,16660.05078125,20.43,4.0,2.776
2020-08-19,11408.400390625,16763.80078125,19.9575,4.0,2.776
2020-08-20,11312.2001953125,16899.94921875,20.6175,4.0,2.776
2020-08-21,11371.599609375,16982.19921875,19.9375,4.0,2.776
2020-08-24,11466.4501953125,17101.44921875,19.23,4.0,2.776
2020-08-25,11472.25,17159.650390625,19.315,4.0,2.776
2020-08-26,11549.599609375,17249.44921875,19.3025,4.0,2.776
2020-08-27,11559.25,17269.94921875,18.895,4.0,2.776
2020-08-28,11647.599609375,17369.05078125,18.3475,4.0,2.776
2020-08-31,11387.5,16682.650390625,22.835,4.0,2.776
2020-09-01,11470.25,16819.400390625,21.8,4.0,2.776
2020-09-02,11535.0,17069.69921875,21.105,4.0,2.776
2020-09-03,11527.4501953125,17214.150390625,20.5025,4.0,2.776
2020-09-04,11333.849609375,16926.19921875,22.1525,4.0,2.776
2020-09-07,11355.0498046875,16780.25,22.0075,4.0,2.776
2020-09-08,11317.349609375,16539.900390625,22.7225,4.0,2.776
2020-09-09,11278.0,16450.150390625,22.23,4.0,2.776
2020-09-10,11449.25,16653.05078125,21.2625,4.0,2.776
2020-09-11,11464.4501953125,16765.80078125,20.7125,4.0,2.776
2020-09-14,11440.0498046875,17206.5,21.19,4.0,2.776
2020-09-15,11521.7998046875,17393.349609375,20.5975,4.0,2.776
2020-09-16,11604.5498046875,17452.900390625,19.66,4.0,2.776
2020-09-17,11516.099609375,17410.94921875,20.1,4.0,2.776
2020-09-18,11504.9501953125,17399.44921875,20.045,4.0,2.776
2020-09-21,11250.5498046875,16765.19921875,22.1875,4.0,2.776
2020-09-22,11153.650390625,16507.75,21.41,4.0,2.776
2020-09-23,11131.849609375,16453.44921875,20.99,4.0,2.776
2020-09-24,10805.5498046875,16039.7998046875,23.51,4.0,2.776
2020-09-25,11050.25,16504.0,20.675,4.0,2.776
2020-09-28,11227.5498046875,16998.25,19.5725,4.0,2.776
2020-09-29,11222.400390625,16973.599609375,19.775,4.0,2.776
2020-09-30,11247.5498046875,16983.05078125,19.53,4.0,2.776
2020-10-01,11416.9501953125,17125.0,18.35,4.0,2.776
2020-10-05,11503.349609375,17107.94921875,19.705,4.0,2.776
2020-10-06,11662.400390625,17216.25,19.635,4.0,2.776
2020-10-07,11738.849609375,17128.400390625,20.06,4.0,2.776
2020-10-08,11834.599609375,17146.349609375,20.38,4.0,2.776
2020-10-09,11914.2001953125,17093.25,20.38,4.0,2.776
2020-10-12,11930.9501953125,16994.650390625,21.1275,4.0,2.776
2020-10-13,11934.5,16913.150390625,20.715,4.0,2.776
2020-10-14,11971.0498046875,16886.25,20.21,4.0,2.776
2020-10-15,11680.349609375,16599.599609375,22.0575,4.0,2.776
2020-10-16,11762.4501953125,16787.0,21.645,4.0,2.776
2020-10-19,11873.0498046875,16915.849609375,21.8175,4.0,2.776
2020-10-20,11896.7998046875,17023.25,22.69,4.0,2.776
2020-10-21,11937.650390625,17065.44921875,22.915,4.0,2.776
2020-10-22,11896.4501953125,17171.30078125,22.635,4.0,2.776
2020-10-23,11930.349609375,17306.19921875,21.8275,4.0,2.776
2020-10-26,11767.75,17009.849609375,22.8325,4.0,2.776
2020-10-27,11889.400390625,17217.25,22.195,4.0,2.776
2020-10-28,11729.599609375,17047.599609375,23.28,4.0,2.776
2020-10-29,11670.7998046875,16974.05078125,24.0225,4.0,2.776
2020-10-30,11642.400390625,17066.5,24.7525,4.0,2.776
2020-11-02,11669.150390625,17135.19921875,25.21,4.0,2.776
2020-11-03,11813.5,17254.900390625,24.24,4.0,2.776
2020-11-04,11908.5,17367.05078125,23.2,4.0,2.776
2020-11-05,12120.2998046875,17676.900390625,20.965,4.0,2.776
2020-11-06,12263.5498046875,17802.75,20.4975,4.0,2.776
2020-11-09,12461.0498046875,17957.400390625,20.1125,4.0,2.776
2020-11-10,12631.099609375,18007.94921875,21.5775,4.0,2.776
2020-11-11,12749.150390625,18075.0,22.0325,4.0,2.776
2020-11-12,12690.7998046875,18182.900390625,20.62,4.0,2.776
2020-11-13,12719.9501953125,18353.400390625,19.7025,4.0,2.776
2020-11-17,12874.2001953125,18652.30078125,19.8025,4.0,2.776
2020-11-18,12938.25,18924.150390625,19.12,4.0,2.776
2020-11-19,12771.7001953125,18802.30078125,19.57,4.0,2.776
2020-11-20,12859.0498046875,18962.55078125,19.6175,4.0,2.776
2020-11-23,12926.4501953125,19211.400390625,20.7975,4.0,2.776
2020-11-24,13055.150390625,19352.25,21.0575,4.0,2.776
2020-11-25,12858.400390625,19032.599609375,23.1275,4.0,2.776
2020-11-26,12987.0,19196.44921875,20.0225,4.0,2.776
2020-11-27,12968.9501953125,19715.099609375,19.8175,4.0,2.776
2020-12-01,13109.0498046875,19903.900390625,20.1825,4.0,2.776
2020-12-02,13113.75,20001.69921875,19.9075,4.0,2.776
2020-12-03,13133.900390625,20127.25,19.0,4.0,2.776
2020-12-04,13258.5498046875,20197.30078125,18.0275,4.0,2.776
2020-12-07,13355.75,20428.44921875,18.025,4.0,2.776
2020-12-08,13392.9501953125,20439.19921875,18.6175,4.0,2.776
2020-12-09,13529.099609375,20563.44921875,18.92,4.0,2.776
2020-12-10,13478.2998046875,20392.69921875,18.7125,4.0,2.776
2020-12-11,13513.849609375,20437.19921875,18.79,4.0,2.776
2020-12-14,13558.150390625,20571.25,19.4025,4.0,2.776
2020-12-15,13567.849609375,20668.05078125,19.345,4.0,2.776
2020-12-16,13682.7001953125,20906.44921875,19.2,4.0,2.776
2020-12-17,13740.7001953125,20849.400390625,19.1575,4.0,2.776
2020-12-18,13760.5498046875,20797.44921875,18.6225,4.0,2.776
2020-12-21,13328.400390625,19797.349609375,23.19,4.0,2.776
2020-12-22,13466.2998046875,19964.900390625,21.985,4.0,2.776
2020-12-23,13601.099609375,20439.94921875,20.495,4.0,2.776
2020-12-24,13749.25,20475.75,19.9675,4.0,2.776
2020-12-28,13873.2001953125,20718.599609375,20.4275,4.0,2.776
2020-12-29,13932.599609375,20695.69921875,20.79,4.0,2.776
2020-12-30,13981.9501953125,20741.69921875,21.11,4.0,2.776
2020-12-31,13981.75,20842.5,21.095,4.0,2.776
2021-01-01,14018.5,,19.56,4.0,2.776
2021-01-04,14132.900390625,21388.5,20.03,4.0,2.776
2021-01-05,14199.5,21533.94921875,20.46,4.0,2.776
2021-01-06,14146.25,21651.55078125,20.995,4.0,2.776
2021-01-07,14137.349609375,21964.55078125,20.615,4.0,2.776
2021-01-08,14347.25,22194.099609375,20.64,4.0,2.776
2021-01-11,14484.75,22140.099609375,22.3825,4.0,2.776
2021-01-12,14563.4501953125,22289.150390625,22.8475,4.0,2.776
2021-01-13,14564.849609375,22155.25,23.2925,4.0,2.776
2021-01-14,14595.599609375,22169.400390625,23.0275,4.0,2.776
2021-01-15,14433.7001953125,21934.25,24.01,4.0,2.776
2021-01-18,14281.2998046875,21470.150390625,24.395,4.0,2.776
2021-01-19,14521.150390625,21969.19921875,22.8975,4.0,2.776
2021-01-20,14644.7001953125,22197.400390625,21.55,4.0,2.776
2021-01-21,14590.349609375,21927.400390625,22.18,4.0,2.776
2021-01-22,14371.900390625,21659.05078125,22.4225,4.0,2.776
2021-01-25,14238.900390625,21455.19921875,23.245,4.0,2.776
2021-01-27,13967.5,21115.349609375,24.3925,4.0,2.776
2021-01-28,13817.5498046875,20989.94921875,24.29,4.0,2.776
2021-01-29,13634.599609375,20909.849609375,25.3425,4.0,2.776
2021-02-01,14281.2001953125,21600.900390625,23.3225,4.0,2.776
2021-02-02,14647.849609375,22115.099609375,23.345,4.0,2.776
2021-02-03,14789.9501953125,22434.80078125,23.745,4.0,2.776
2021-02-04,14895.650390625,22673.150390625,23.1225,4.0,2.776
2021-02-05,14924.25,22425.900390625,23.415,4.0,2.776
2021-02-08,15115.7998046875,22764.94921875,23.9575,4.0,2.776
2021-02-09,15109.2998046875,22747.400390625,24.27,4.0,2.776
2021-02-10,15106.5,22926.44921875,23.9525,4.0,2.776
2021-02-11,15173.2998046875,22968.099609375,23.045,4.0,2.776
2021-02-12,15163.2998046875,22914.349609375,23.045,4.0,2.776
2021-02-15,15314.7001953125,23213.650390625,21.475,4.0,2.776
2021-02-16,15313.4501953125,23316.5,21.78,4.0,2.776
2021-02-17,15208.900390625,23388.30078125,21.505,4.0,2.776
2021-02-18,15118.9501953125,23499.19921875,21.5425,4.0,2.776
2021-02-19,14981.75,23118.75,22.25,4.0,2.776
2021-02-22,14675.7001953125,22822.80078125,25.47,4.0,2.776
2021-02-23,14707.7998046875,23053.349609375,25.2275,4.0,2.776
2021-02-24,14982.0,23290.80078125,24.1675,4.0,2.776
2021-02-25,15097.349609375,23646.80078125,22.8925,4.0,2.776
2021-02-26,14529.150390625,23268.5,28.1425,4.0,2.776
2021-03-01,14761.5498046875,23684.80078125,25.625,4.0,2.776
2021-03-02,14919.099609375,24086.650390625,23.605,4.0,2.776
2021-03-03,15245.599609375,24488.44921875,22.09,4.0,2.776
2021-03-04,15080.75,24608.349609375,24.15,4.0,2.776
2021-03-05,14938.099609375,24078.150390625,25.56,4.0,2.776
2021-03-08,14956.2001953125,24149.30078125,24.675,4.0,2.776
2021-03-09,15098.400390625,24024.25,22.495,4.0,2.776
2021-03-10,15174.7998046875,24220.099609375,20.7475,4.0,2.776
2021-03-12,15030.9501953125,24115.599609375,21.7075,4.0,2.776
2021-03-15,14929.5,23952.30078125,21.2275,4.0,2.776
2021-03-16,14910.4501953125,24048.30078125,20.19,4.0,2.776
2021-03-17,14721.2998046875,23451.599609375,20.1575,4.0,2.776
2021-03-18,14557.849609375,23129.849609375,20.08,4.0,2.776
2021-03-19,14744.0,23412.75,19.9875,4.0,2.776
2021-03-22,14736.400390625,23603.599609375,20.4925,4.0,2.776
2021-03-23,14814.75,23808.400390625,20.665,4.0,2.776
2021-03-24,14549.400390625,23334.94921875,22.455,4.0,2.776
2021-03-25,14324.900390625,22858.55078125,22.6975,4.0,2.776
2021-03-26,14507.2998046875,23213.94921875,20.65,4.0,2.776
2021-03-30,14845.099609375,23609.400390625,20.65,4.0,2.776
2021-03-31,14690.7001953125,23693.150390625,20.645,4.0,2.776
2021-04-01,14867.349609375,24117.75,19.9875,4.0,2.776
2021-04-05,14637.7998046875,23798.599609375,21.215,4.0,2.776
2021-04-06,14683.5,24016.19921875,20.84,4.0,2.776
2021-04-07,14819.0498046875,24333.30078125,20.2475,4.0,2.776
2021-04-07,14819.0498046875,24333.30078125,20.2475,4.0,2.776
2021-04-08,14873.7998046875,24462.400390625,20.3125,4.0,2.776
2021-04-09,14834.849609375,24505.69921875,19.785,4.0,2.776
2021-04-12,14310.7998046875,23114.150390625,22.995,4.0,2.776
2021-04-13,14504.7998046875,23516.849609375,20.46,4.0,2.776
2021-04-15,14581.4501953125,23530.0,20.89,4.0,2.776
2021-04-16,14617.849609375,23760.650390625,20.4025,4.0,2.776
2021-04-19,14359.4501953125,23256.349609375,22.485,4.0,2.776
2021-04-20,14296.400390625,23326.0,22.425,4.0,2.776
2021-04-22,14406.150390625,23432.650390625,23.025,4.0,2.776
2021-04-23,14341.349609375,23492.75,22.69,4.0,2.776
2021-04-26,14485.0,23675.099609375,23.495,4.0,2.776
2021-04-27,14653.0498046875,24047.150390625,23.0825,4.0,2.776
2021-04-28,14864.5498046875,24313.5,22.58,4.0,2.776
2021-04-29,14894.900390625,24286.44921875,23.305,4.0,2.776
2021-04-30,14631.099609375,24195.900390625,23.0275,4.0,2.776
2021-05-03,14634.150390625,24263.5,23.6925,4.0,2.776
2021-05-04,14496.5,24167.80078125,23.01,4.0,2.776
2021-05-05,14617.849609375,24410.099609375,21.9625,4.0,2.776
2021-05-06,14724.7998046875,24639.0,22.035,4.0,2.776
2021-05-07,14823.150390625,24545.650390625,20.8225,4.0,2.776
2021-05-10,14942.349609375,24776.80078125,20.225,4.0,2.776
2021-05-11,14850.75,24971.75,19.83,4.0,2.776
2021-05-12,14696.5,24770.400390625,20.08,4.0,2.776
2021-05-14,14677.7998046875,24363.650390625,20.2675,4.0,2.776
2021-05-17,14923.150390625,24812.650390625,19.6075,4.0,2.776
2021-05-18,15108.099609375,25266.650390625,19.24,4.0,2.776
2021-05-19,15030.150390625,25232.80078125,19.3175,4.0,2.776
2021-05-20,14906.0498046875,25211.69921875,19.6525,4.0,2.776
2021-05-21,15175.2998046875,25413.400390625,19.08,4.0,2.776
2021-05-24,15197.7001953125,25584.30078125,19.13,4.0,2.776
2021-05-25,15208.4501953125,25544.349609375,18.8425,4.0,2.776
2021-05-26,15301.4501953125,25565.69921875,20.8725,4.0,2.776
2021-05-27,15337.849609375,25704.900390625,19.91,4.0,2.776
2021-05-28,15435.650390625,25695.099609375,17.4025,4.0,2.776
2021-05-31,15582.7998046875,25775.44921875,16.885,4.0,2.776
2021-06-01,15574.849609375,25749.5,17.3875,4.0,2.776
2021-06-02,15576.2001953125,26118.0,17.21,4.0,2.776
2021-06-03,15690.349609375,26362.55078125,15.745,4.0,2.776
2021-06-04,15670.25,26551.599609375,15.94,4.0,2.776
2021-06-07,15751.650390625,26881.400390625,15.5675,4.0,2.776
2021-06-08,15740.099609375,27042.80078125,15.225,4.0,2.776
2021-06-09,15635.349609375,26847.80078125,14.7525,4.0,2.776
2021-06-10,15737.75,27268.44921875,15.0025,4.0,2.776
2021-06-11,15799.349609375,27329.150390625,14.1025,4.0,2.776
2021-06-14,15811.849609375,27198.5,14.715,4.0,2.776
2021-06-15,15869.25,27364.349609375,14.605,4.0,2.776
2021-06-16,15767.5498046875,27108.5,14.865,4.0,2.776
2021-06-17,15691.400390625,26776.349609375,15.2875,4.0,2.776
2021-06-18,15683.349609375,26496.30078125,14.7975,4.0,2.776
2021-06-21,15746.5,26705.19921875,15.06,4.0,2.776
2021-06-22,15772.75,26732.75,14.7375,4.0,2.776
2021-06-23,15686.9501953125,26675.849609375,15.365,4.0,2.776
2021-06-24,15790.4501953125,26601.44921875,15.0975,4.0,2.776
2021-06-25,15860.349609375,26895.0,13.3675,4.0,2.776
2021-06-28,15814.7001953125,27036.5,13.4025,4.0,2.776
2021-06-29,15748.4501953125,26901.099609375,13.0025,4.0,2.776
2021-06-30,15721.5,26970.75,13.045,4.0,2.776
2021-07-01,15680.0,26882.599609375,12.84,4.0,2.776
2021-07-02,15722.2001953125,27020.099609375,12.09,4.0,2.776
2021-07-05,15834.349609375,27163.0,12.0675,4.0,2.776
2021-07-06,15818.25,27149.19921875,12.275,4.0,2.776
2021-07-07,15879.650390625,27328.349609375,12.2125,4.0,2.776
2021-07-08,15727.900390625,27213.19921875,13.56,4.0,2.776
2021-07-09,15689.7998046875,27382.75,12.9425,4.0,2.776
2021-07-12,15692.599609375,27503.599609375,12.9925,4.0,2.776
2021-07-13,15812.349609375,27560.75,12.6225,4.0,2.776
2021-07-14,15853.9501953125,27623.30078125,12.59,4.0,2.776
2021-07-15,15924.2001953125,27754.69921875,12.27,4.0,2.776
2021-07-16,15923.400390625,27851.150390625,11.705,4.0,2.776
2021-07-19,15752.400390625,27625.400390625,12.68,4.0,2.776
2021-07-20,15632.099609375,27227.849609375,13.205,4.0,2.776
2021-07-22,15824.0498046875,27538.349609375,11.885,4.0,2.776
2021-07-23,15856.0498046875,27584.80078125,11.7625,4.0,2.776
2021-07-26,15824.4501953125,27573.849609375,12.45,4.0,2.776
2021-07-27,15746.4501953125,27455.099609375,13.2325,4.0,2.776
2021-07-28,15709.400390625,27315.30078125,13.6925,4.0,2.776
2021-07-29,15778.4501953125,27512.30078125,12.945,4.0,2.776
2021-07-30,15763.0498046875,27815.25,12.8025,4.0,2.776
2021-08-02,15885.150390625,28250.400390625,12.805,4.0,2.776
2021-08-03,16130.75,28265.650390625,13.7475,4.0,2.776
2021-08-04,16258.7998046875,27928.19921875,13.2125,4.0,2.776
2021-08-05,16294.599609375,27929.94921875,12.8725,4.0,2.776
2021-08-06,16238.2001953125,27945.69921875,12.6075,4.0,2.776
2021-08-09,16258.25,27742.5,12.605,4.0,2.776
2021-08-10,16280.099609375,27439.25,12.705,4.0,2.776
2021-08-11,16282.25,27406.30078125,12.7125,4.0,2.776
2021-08-12,16364.400390625,27684.0,12.3725,4.0,2.776
2021-08-13,16529.099609375,27600.099609375,12.99,4.0,2.776
2021-08-16,16563.05078125,27507.44921875,13.4575,4.0,2.776
2021-08-17,16614.599609375,27597.80078125,13.4125,4.0,2.776
2021-08-18,16568.849609375,27676.80078125,12.905,4.0,2.776
2021-08-20,16450.5,27124.75,14.015,4.0,2.776
2021-08-23,16496.44921875,26892.69921875,13.685,4.0,2.776
2021-08-24,16624.599609375,27276.69921875,13.1875,4.0,2.776
2021-08-25,16634.650390625,27363.05078125,13.4975,4.0,2.776
2021-08-26,16636.900390625,27416.0,13.5375,4.0,2.776
2021-08-27,16705.19921875,27705.55078125,13.405,4.0,2.776
2021-08-30,16931.05078125,28242.400390625,13.3175,4.0,2.776
2021-08-31,17132.19921875,28417.25,14.52,4.0,2.776
2021-09-01,17076.25,28629.44921875,14.185,4.0,2.776
2021-09-02,17234.150390625,28916.650390625,14.24,4.0,2.776
2021-09-03,17323.599609375,29060.05078125,14.5425,4.0,2.776
2021-09-06,17377.80078125,29178.349609375,15.105,4.0,2.776
2021-09-07,17362.099609375,29105.0,14.895,4.0,2.776
2021-09-08,17353.5,29255.55078125,14.41,4.0,2.776
2021-09-09,17369.25,29341.099609375,13.9425,4.0,2.776
2021-09-13,17355.30078125,29473.44921875,14.025,4.0,2.776
2021-09-14,17380.0,29871.650390625,13.575,4.0,2.776
2021-09-15,17519.44921875,30175.599609375,13.73,4.0,2.776
2021-09-16,17629.5,30283.099609375,14.4125,4.0,2.776
2021-09-17,17585.150390625,29899.400390625,15.2325,4.0,2.776
2021-09-20,17396.900390625,29254.849609375,17.4925,4.0,2.776
2021-09-21,17562.0,29442.44921875,16.52,4.0,2.776
2021-09-22,17546.650390625,29933.900390625,16.4925,4.0,2.776
2021-09-23,17822.94921875,30380.849609375,16.6025,4.0,2.776
2021-09-24,17853.19921875,30143.599609375,16.9225,4.0,2.776
2021-09-27,17855.099609375,30152.44921875,18.0525,4.0,2.776
2021-09-28,17748.599609375,29951.30078125,18.535,4.0,2.776
2021-09-29,17711.30078125,30274.099609375,18.8375,4.0,2.776
2021-09-30,17618.150390625,30384.0,18.4025,4.0,2.776
2021-10-01,17532.05078125,30396.849609375,17.21,4.0,2.776
2021-10-04,17691.25,30875.349609375,16.735,4.0,2.776
2021-10-05,17822.30078125,31009.400390625,16.3975,4.0,2.776
2021-10-06,17646.0,30728.19921875,17.3325,4.0,2.776
2021-10-07,17790.349609375,31304.44921875,16.155,4.0,2.776
2021-10-08,17895.19921875,31437.75,15.6525,4.0,2.776
2021-10-11,17945.94921875,31630.80078125,16.085,4.0,2.776
2021-10-12,17991.94921875,31805.5,15.8475,4.0,2.776
2021-10-13,18161.75,32294.150390625,16.1,4.0,2.776
2021-10-14,18338.55078125,32503.5,15.7675,4.0,2.776
2021-10-18,18477.05078125,32884.80078125,17.185,4.0,2.776
2021-10-19,18418.75,32170.69921875,17.3825,4.0,2.776
2021-10-20,18266.599609375,31478.30078125,18.3125,4.0,2.776
2021-10-21,18178.099609375,31356.150390625,18.035,4.0,2.776
2021-10-22,18114.900390625,31082.44921875,17.545,4.0,2.776
2021-10-25,18125.400390625,30553.400390625,17.61,4.0,2.776
2021-10-26,18268.400390625,31101.94921875,16.7525,4.0,2.776
2021-10-27,18210.94921875,31125.55078125,16.8275,4.0,2.776
2021-10-28,17857.25,30514.05078125,17.9125,4.0,2.776
2021-10-29,17671.650390625,30469.55078125,17.425,4.0,2.776
2021-11-01,17929.650390625,31023.69921875,17.235,4.0,2.776
2021-11-02,17888.94921875,31281.05078125,17.0625,4.0,2.776
2021-11-03,17829.19921875,31197.5,16.125,4.0,2.776
2021-11-04,17916.80078125,31442.650390625,15.7475,4.0,2.776
2021-11-08,18068.55078125,31818.650390625,16.34,4.0,2.776
2021-11-09,18044.25,32186.349609375,16.0025,4.0,2.776
2021-11-10,18017.19921875,32044.44921875,16.305,4.0,2.776
2021-11-11,17873.599609375,31782.150390625,16.3525,4.0,2.776
2021-11-12,18102.75,31925.849609375,15.2175,4.0,2.776
2021-11-15,18109.44921875,32028.30078125,15.465,4.0,2.776
2021-11-16,17999.19921875,31942.55078125,15.195,4.0,2.776
2021-11-17,17898.650390625,31729.0,14.98,4.0,2.776
2021-11-18,17764.80078125,31271.400390625,14.8575,4.0,2.776
2021-11-22,17416.55078125,30331.599609375,17.52,4.0,2.776
2021-11-23,17503.349609375,30865.30078125,18.015,4.0,2.776
2021-11-24,17415.05078125,30743.25,17.095,4.0,2.776
2021-11-25,17536.25,30926.599609375,16.6625,4.0,2.776
2021-11-26,17026.44921875,29920.400390625,20.8025,4.0,2.776
2021-11-29,17053.94921875,29515.25,20.83,4.0,2.776
2021-11-30,16983.19921875,29650.650390625,21.1675,4.0,2.776
2021-12-01,17166.900390625,29955.69921875,19.4475,4.0,2.776
2021-12-02,17401.650390625,30296.44921875,18.0875,4.0,2.776
2021-12-03,17196.69921875,30293.25,18.455,4.0,2.776
2021-12-06,16912.25,29863.19921875,20.0775,4.0,2.776
2021-12-07,17176.69921875,30282.599609375,18.46,4.0,2.776
2021-12-08,17469.75,30769.150390625,17.265,4.0,2.776
2021-12-09,17516.849609375,30955.19921875,16.6025,4.0,2.776
2021-12-10,17511.30078125,31203.05078125,16.06,4.0,2.776
2021-12-13,17368.25,31125.69921875,16.57,4.0,2.776
2021-12-14,17324.900390625,31067.25,16.9525,4.0,2.776
2021-12-15,17221.400390625,30888.55078125,17.2175,4.0,2.776
2021-12-16,17248.400390625,30676.75,15.895,4.0,2.776
2021-12-17,16985.19921875,29939.30078125,16.3375,4.0,2.776
2021-12-20,16614.19921875,28838.19921875,18.965,4.0,2.776
2021-12-21,16770.849609375,29207.75,17.5375,4.0,2.776
2021-12-22,16955.44921875,29659.099609375,16.58,4.0,2.776
2021-12-23,17072.599609375,29927.30078125,15.825,4.0,2.776
2021-12-24,17003.75,29612.849609375,16.1475,4.0,2.776
2021-12-27,17086.25,29743.150390625,17.1175,4.0,2.776
2021-12-28,17233.25,30094.849609375,16.475,4.0,2.776
2021-12-29,17213.599609375,30135.30078125,16.2425,4.0,2.776
2021-12-30,17203.94921875,30023.25,16.565,4.0,2.776
2021-12-31,17354.05078125,30442.900390625,16.2225,4.0,2.776
2022-01-03,17625.69921875,30788.0,16.4525,4.0,2.776
2022-01-04,17805.25,30870.349609375,16.12,4.0,2.776
2022-01-05,17925.25,30917.55078125,17.2275,4.0,2.776
2022-01-06,17745.900390625,30956.849609375,17.9775,4.0,2.776
2022-01-07,17812.69921875,31111.55078125,17.6025,4.0,2.776
2022-01-10,18003.30078125,31371.650390625,17.6775,4.0,2.776
2022-01-11,18055.75,31400.400390625,17.7575,4.0,2.776
2022-01-12,18212.349609375,31791.55078125,17.1825,4.0,2.776
2022-01-13,18257.80078125,31997.19921875,16.705,4.0,2.776
2022-01-14,18255.75,31989.650390625,16.555,4.0,2.776
2022-01-17,18308.099609375,32040.599609375,16.765,4.0,2.776
2022-01-18,18113.05078125,31381.44921875,17.78,4.0,2.776
2022-01-19,17938.400390625,31363.30078125,17.8175,4.0,2.776
2022-01-20,17757.0,31312.05078125,17.79,4.0,2.776
2022-01-21,17617.150390625,30563.599609375,18.8875,4.0,2.776
2022-01-24,17149.099609375,29383.0,22.825,4.0,2.776
2022-01-25,17277.94921875,29676.900390625,21.3575,4.0,2.776
2022-01-27,17110.150390625,29364.69921875,21.065,4.0,2.776
2022-01-28,17101.94921875,29804.900390625,20.695,4.0,2.776
2022-01-31,17339.849609375,30273.94921875,21.9525,4.0,2.776
2022-02-01,17576.849609375,30611.599609375,19.9775,4.0,2.776
2022-02-02,17780.0,30971.55078125,18.65,4.0,2.776
2022-02-03,17560.19921875,30673.900390625,19.16,4.0,2.776
2022-02-04,17516.30078125,30441.55078125,18.8975,4.0,2.776
2022-02-07,17213.599609375,30129.25,20.4375,4.0,2.776
2022-02-08,17266.75,29916.849609375,19.685,4.0,2.776
2022-02-09,17463.80078125,30257.099609375,18.555,4.0,2.776
2022-02-10,17605.849609375,30343.44921875,17.71,4.0,2.776
2022-02-11,17374.75,29729.400390625,18.68,4.0,2.776
2022-02-14,16842.80078125,28558.75,22.9775,4.0,2.776
2022-02-15,17352.44921875,29375.30078125,20.6125,4.0,2.776
2022-02-16,17322.19921875,29289.94921875,20.5925,4.0,2.776
2022-02-17,17304.599609375,29201.30078125,22.005,4.0,2.776
2022-02-18,17276.30078125,28934.349609375,22.165,4.0,2.776
2022-02-21,17206.650390625,28575.75,22.9025,4.0,2.776
2022-02-22,17092.19921875,28284.900390625,26.6625,4.0,2.776
2022-02-23,17063.25,28467.0,24.5425,4.0,2.776
2022-02-24,16247.9501953125,26832.650390625,31.9825,4.0,2.776
2022-02-25,16658.400390625,27953.30078125,26.74,4.0,2.776
2022-02-28,16793.900390625,28223.44921875,28.57,4.0,2.776
2022-03-02,16605.94921875,28217.099609375,29.2325,4.0,2.776
2022-03-03,16498.05078125,28102.900390625,28.155,4.0,2.776
2022-03-04,16245.349609375,27517.099609375,27.9575,4.0,2.776
2022-03-07,15863.150390625,26865.900390625,29.33,4.0,2.776
2022-03-08,16013.4501953125,27198.55078125,28.5875,4.0,2.776
2022-03-09,16345.349609375,27785.5,27.4675,4.0,2.776
2022-03-10,16594.900390625,28038.69921875,25.5825,4.0,2.776
2022-03-11,16630.44921875,28210.349609375,25.345,4.0,2.776
2022-03-14,16871.30078125,28267.5,25.6775,4.0,2.776
2022-03-15,16663.0,28021.349609375,26.73,4.0,2.776
2022-03-16,16975.349609375,28584.55078125,24.1175,4.0,2.776
2022-03-17,17287.05078125,28977.900390625,22.61,4.0,2.776
2022-03-21,17117.599609375,28896.44921875,24.6225,4.0,2.776
2022-03-22,17315.5,28977.30078125,24.07,4.0,2.776
2022-03-23,17245.650390625,29137.30078125,24.7475,4.0,2.776
2022-03-24,17222.75,29308.349609375,23.93,4.0,2.776
2022-03-25,17153.0,29274.55078125,23.43,4.0,2.776
2022-03-28,17222.0,29221.19921875,22.61,4.0,2.776
2022-03-29,17325.30078125,29342.30078125,21.3025,4.0,2.776
2022-03-30,17498.25,29590.69921875,20.61,4.0,2.776
2022-03-31,17464.75,29692.30078125,20.56,4.0,2.776
2022-04-01,17670.44921875,30134.55078125,18.435,4.0,2.776
2022-04-04,18053.400390625,30625.19921875,17.9075,4.0,2.776
2022-04-05,17957.400390625,31046.69921875,18.4875,4.0,2.776
2022-04-06,17807.650390625,31229.19921875,19.0225,4.0,2.776
2022-04-07,17639.55078125,30911.30078125,18.9975,4.0,2.776
2022-04-07,17639.55078125,30911.30078125,18.9975,4.0,2.776
2022-04-08,17784.349609375,31214.19921875,17.6875,4.0,2.776
2022-04-11,17674.94921875,31408.150390625,18.27,4.0,2.776
2022-04-12,17530.30078125,30804.900390625,18.1575,4.0,2.776
2022-04-13,17475.650390625,30796.30078125,17.785,4.0,2.776
2022-04-18,17173.650390625,30473.55078125,19.335,4.0,2.776
2022-04-19,16958.650390625,30055.0,19.775,4.0,2.776
2022-04-20,17136.55078125,30279.25,18.6725,4.0,2.776
2022-04-21,17392.599609375,30603.30078125,17.8525,4.0,2.776
2022-04-22,17171.94921875,30315.849609375,18.3525,4.0,2.776
2022-04-25,16953.94921875,29733.099609375,21.2575,4.0,2.776
2022-04-26,17200.80078125,30215.349609375,19.1875,4.0,2.776
2022-04-27,17038.400390625,29954.30078125,20.605,4.0,2.776
2022-04-28,17245.05078125,30134.599609375,19.3775,4.0,2.776
2022-04-29,17102.55078125,29880.349609375,19.415,4.0,2.776
2022-05-02,17069.099609375,29703.400390625,20.2825,4.0,2.776
2022-05-04,16677.599609375,29074.30078125,21.8775,4.4,2.776
2022-05-05,16682.650390625,29104.349609375,20.2925,4.4,2.776
2022-05-06,16411.25,28584.19921875,21.25,4.4,2.776
2022-05-09,16301.849609375,28074.44921875,22.0325,4.4,2.776
2022-05-10,16240.0498046875,27548.599609375,22.3025,4.4,2.776
2022-05-11,16167.099609375,27450.80078125,22.8025,4.4,2.776
2022-05-12,15808.0,26810.05078125,24.265,4.4,2.776
2022-05-13,15782.150390625,27085.650390625,23.485,4.4,2.776
2022-05-16,15842.2998046875,27425.5,24.5275,4.4,2.776
2022-05-17,16259.2998046875,28172.900390625,22.7425,4.4,2.776
2022-05-18,16240.2998046875,28111.69921875,22.295,4.4,2.776
2022-05-19,15809.400390625,27271.900390625,24.5575,4.4,2.776
2022-05-20,16266.150390625,27872.19921875,23.1,4.4,2.776
2022-05-23,16214.7001953125,27775.44921875,23.3975,4.4,2.776
2022-05-24,16125.150390625,27595.30078125,25.635,4.4,2.776
2022-05-25,16025.7998046875,26918.69921875,25.2825,4.4,2.776
2022-05-26,16170.150390625,27281.150390625,22.7175,4.4,2.776
2022-05-27,16352.4501953125,27657.25,21.48,4.4,2.776
2022-05-30,16661.400390625,28326.349609375,19.98,4.4,2.776
2022-05-31,16584.55078125,28288.349609375,20.4775,4.4,2.776
2022-06-01,16522.75,28299.900390625,20.845,4.4,2.776
2022-06-02,16628.0,28491.150390625,20.32,4.4,2.776
2022-06-03,16584.30078125,28023.349609375,19.975,4.4,2.776
2022-06-06,16569.55078125,27992.650390625,20.2025,4.4,2.776
2022-06-07,16416.349609375,27803.94921875,20.425,4.4,2.776
2022-06-08,16356.25,27670.80078125,19.8375,4.9,2.776
2022-06-09,16478.099609375,27805.900390625,19.14,4.9,2.776
2022-06-10,16201.7998046875,27575.80078125,19.575,4.9,2.776
2022-06-13,15774.400390625,26777.80078125,22.365,4.9,2.776
2022-06-14,15732.099609375,26715.650390625,21.8875,4.9,2.776
2022-06-15,15692.150390625,26809.0,22.1475,4.9,2.776
2022-06-16,15360.599609375,26180.349609375,22.8675,4.9,2.776
2022-06-17,15293.5,25877.69921875,22.7575,4.9,2.776
2022-06-20,15350.150390625,25292.900390625,22.4125,4.9,2.776
2022-06-21,15638.7998046875,26194.400390625,21.1425,4.9,2.776
2022-06-22,15413.2998046875,25767.849609375,21.3,4.9,2.776
2022-06-23,15556.650390625,26079.94921875,20.88,4.9,2.776
2022-06-24,15699.25,26449.05078125,20.55,4.9,2.776
2022-06-27,15832.0498046875,26713.25,21.005,4.9,2.776
2022-06-28,15850.2001953125,26791.0,21.45,4.9,2.776
2022-06-29,15799.099609375,26672.150390625,21.9,4.9,2.776
2022-06-30,15780.25,26452.75,21.84,4.9,2.776
2022-07-01,15752.0498046875,26587.30078125,21.25,4.9,2.776
2022-07-04,15835.349609375,26769.55078125,20.9725,4.9,2.776
2022-07-05,15810.849609375,26698.099609375,20.7875,4.9,2.776
2022-07-06,15989.7998046875,27204.349609375,20.2675,4.9,2.776
2022-07-07,16132.900390625,27572.44921875,19.2025,4.9,2.776
2022-07-08,16220.599609375,27649.05078125,18.395,4.9,2.776
2022-07-11,16216.0,27908.05078125,18.3675,4.9,2.776
2022-07-12,16058.2998046875,27782.05078125,18.5475,4.9,2.776
2022-07-13,15966.650390625,27827.849609375,18.52,4.9,2.776
2022-07-14,15938.650390625,27803.5,18.34,4.9,2.776
2022-07-15,16049.2001953125,28017.25,17.5975,4.9,2.776
2022-07-18,16278.5,28409.75,17.16,4.9,2.776
2022-07-19,16340.5498046875,28600.94921875,17.2025,4.9,2.776
2022-07-20,16520.849609375,28654.400390625,16.8225,4.9,2.776
2022-07-21,16605.25,29049.150390625,16.8575,4.9,2.776
2022-07-22,16719.44921875,29047.849609375,16.65,4.9,2.776
2022-07-25,16631.0,29020.75,17.68,4.9,2.776
2022-07-26,16483.849609375,28658.75,18.17,4.9,2.776
2022-07-27,16641.80078125,28976.30078125,18.13,4.9,2.776
2022-07-28,16929.599609375,29219.75,17.0125,4.9,2.776
2022-07-29,17158.25,29634.25,16.55,4.9,2.776
2022-08-01,17340.05078125,30128.0,17.485,4.9,2.776
2022-08-02,17345.44921875,30228.150390625,18.53,4.9,2.776
2022-08-03,17388.150390625,30017.650390625,18.45,4.9,2.776
2022-08-04,17382.0,30190.849609375,19.2575,4.9,2.776
2022-08-05,17397.5,30258.349609375,18.915,5.4,2.776
2022-08-08,17525.099609375,30366.05078125,19.3025,5.4,2.776
2022-08-10,17534.75,30318.900390625,19.5875,5.4,2.776
2022-08-11,17659.0,30583.849609375,18.355,5.4,2.776
2022-08-12,17698.150390625,30806.349609375,17.6075,5.4,2.776
2022-08-16,17825.25,31254.55078125,17.685,5.4,2.776
2022-08-17,17944.25,31401.400390625,17.6775,5.4,2.776
2022-08-18,17956.5,31460.19921875,17.35,5.4,2.776
2022-08-19,17758.44921875,31005.0,18.285,5.4,2.776
2022-08-22,17490.69921875,30379.5,19.0375,5.4,2.776
2022-08-23,17577.5,30734.650390625,19.05,5.4,2.776
2022-08-24,17604.94921875,30960.900390625,18.43,5.4,2.776
2022-08-25,17522.44921875,30942.900390625,19.57,5.4,2.776
2022-08-26,17558.900390625,31112.94921875,18.215,5.4,2.776
2022-08-29,17312.900390625,30853.849609375,19.8225,5.4,2.776
2022-08-30,17759.30078125,31481.69921875,18.7,5.4,2.776
2022-09-01,17542.80078125,31516.30078125,19.8725,5.4,2.776
2022-09-02,17539.44921875,31402.30078125,19.55,5.4,2.776
2022-09-05,17665.80078125,31522.30078125,19.6625,5.4,2.776
2022-09-06,17655.599609375,31706.05078125,19.525,5.4,2.776
2022-09-07,17624.400390625,31865.55078125,19.3675,5.4,2.776
2022-09-08,17798.75,31923.05078125,18.305,5.4,2.776
2022-09-09,17833.349609375,32035.900390625,17.7175,5.4,2.776
2022-09-12,17936.349609375,32345.44921875,17.9375,5.4,2.776
2022-09-13,18070.05078125,32398.75,17.47,5.4,2.776
2022-09-14,18003.75,32291.75,18.2775,5.4,2.776
2022-09-15,17877.400390625,32415.69921875,18.3925,5.4,2.776
2022-09-16,17530.849609375,31494.900390625,19.8225,5.4,2.776
2022-09-19,17622.25,31504.400390625,19.94,5.4,2.776
2022-09-20,17816.25,31955.5,18.7975,5.4,2.776
2022-09-21,17718.349609375,31718.69921875,19.325,5.4,2.776
2022-09-22,17629.80078125,31826.099609375,18.815,5.4,2.776
2022-09-23,17327.349609375,31078.69921875,20.5925,5.4,2.776
2022-09-26,17016.30078125,30111.80078125,21.8925,5.4,2.776
2022-09-27,17007.400390625,30160.69921875,21.5675,5.4,2.776
2022-09-28,16858.599609375,30066.150390625,22.095,5.4,2.776
2022-09-29,16818.099609375,30185.650390625,21.3025,5.4,2.776
2022-09-30,17094.349609375,30668.30078125,19.9675,5.9,2.776
2022-10-03,16887.349609375,30284.650390625,21.365,5.9,2.776
2022-10-04,17274.30078125,31090.599609375,19.57,5.9,2.776
2022-10-06,17331.80078125,31482.69921875,19.315,5.9,2.776
2022-10-07,17314.650390625,31406.80078125,18.8125,5.9,2.776
2022-10-10,17241.0,31109.349609375,19.6225,5.9,2.776
2022-10-11,16983.55078125,30567.69921875,20.49,5.9,2.776
2022-10-12,17123.599609375,30756.55078125,20.175,5.9,2.776
2022-10-13,17014.349609375,30544.69921875,20.29,5.9,2.776
2022-10-14,17185.69921875,30524.44921875,18.2575,5.9,2.776
2022-10-17,17311.80078125,30572.650390625,18.4175,5.9,2.776
2022-10-18,17486.94921875,30908.0,17.4525,5.9,2.776
2022-10-19,17512.25,30984.44921875,17.4875,5.9,2.776
2022-10-20,17563.94921875,30901.349609375,17.2325,5.9,2.776
2022-10-21,17576.30078125,30691.849609375,17.28,5.9,2.776
2022-10-24,17730.75,30845.19921875,17.4225,5.9,2.776
2022-10-25,17656.349609375,30982.69921875,16.88,5.9,2.776
2022-10-27,17736.94921875,31172.349609375,16.5975,5.9,2.776
2022-10-28,17786.80078125,31003.25,15.9225,5.9,2.776
2022-10-31,18012.19921875,31432.30078125,15.8025,5.9,2.776
2022-11-01,18145.400390625,31705.5,16.13,5.9,2.776
2022-11-02,18082.849609375,31680.0,16.6625,5.9,2.776
2022-11-03,18052.69921875,31786.849609375,15.9425,5.9,2.776
2022-11-04,18117.150390625,31707.900390625,15.655,5.9,2.776
2022-11-07,18202.80078125,31963.599609375,15.585,5.9,2.776
2022-11-09,18157.0,31726.30078125,15.915,5.9,2.776
2022-11-10,18028.19921875,31358.650390625,15.5675,5.9,2.776
2022-11-11,18349.69921875,31381.69921875,14.405,5.9,2.776
2022-11-14,18329.150390625,31399.150390625,14.91,5.9,2.776
2022-11-15,18403.400390625,31403.55078125,14.635,5.9,2.776
2022-11-16,18409.650390625,31197.900390625,15.1,5.9,2.776
2022-11-17,18343.900390625,31072.0,14.8775,5.9,2.776
2022-11-18,18307.650390625,30916.69921875,14.39,5.9,2.776
2022-11-21,18159.94921875,30901.5,14.7975,5.9,2.776
2022-11-22,18244.19921875,31070.0,13.8425,5.9,2.776
2022-11-23,18267.25,31150.650390625,14.0425,5.9,2.776
2022-11-24,18484.099609375,31289.25,13.4775,5.9,2.776
2022-11-25,18512.75,31587.650390625,13.3325,5.9,2.776
2022-11-28,18562.75,31818.900390625,13.565,5.9,2.776
2022-11-29,18618.05078125,31677.30078125,13.615,5.9,2.776
2022-11-30,18758.349609375,32037.900390625,13.8075,5.9,2.776
2022-12-01,18812.5,32283.849609375,13.36,5.9,2.776
2022-12-02,18696.099609375,32566.849609375,13.45,5.9,2.776
2022-12-05,18701.05078125,32646.94921875,13.7325,5.9,2.776
2022-12-06,18642.75,32495.25,14.0425,5.9,2.776
2022-12-07,18560.5,32308.30078125,14.0775,6.25,2.776
2022-12-08,18609.349609375,32503.94921875,13.3975,6.25,2.776
2022-12-09,18496.599609375,32374.5,13.4775,6.25,2.776
2022-12-12,18497.150390625,32490.94921875,13.3175,6.25,2.776
2022-12-13,18608.0,32667.30078125,12.8825,6.25,2.776
2022-12-14,18660.30078125,32863.19921875,12.885,6.25,2.776
2022-12-15,18414.900390625,32530.75,13.7325,6.25,2.776
2022-12-16,18269.0,32010.099609375,14.07,6.25,2.776
2022-12-19,18420.44921875,32186.849609375,13.5525,6.25,2.776
2022-12-20,18385.30078125,32117.0,13.78,6.25,2.776
2022-12-21,18199.099609375,31610.30078125,15.5625,6.25,2.776
2022-12-22,18127.349609375,31336.650390625,15.1875,6.25,2.776
2022-12-23,17806.80078125,30157.650390625,16.16,6.25,2.776
2022-12-26,18014.599609375,,15.9325,6.25,2.776
2022-12-27,18132.30078125,31283.75,15.29,6.25,2.776
2022-12-28,18122.5,31325.55078125,15.395,6.25,2.776
2022-12-29,18191.0,31350.900390625,14.8125,6.25,2.776
2022-12-30,18105.30078125,31509.099609375,14.8675,6.25,2.776
2023-01-02,18197.44921875,31786.44921875,14.685,6.25,2.776
2023-01-03,18232.55078125,31860.349609375,14.385,6.25,2.776
2023-01-04,18042.94921875,31503.099609375,15.1975,6.25,2.776
2023-01-05,17992.150390625,31661.5,14.9825,6.25,2.776
2023-01-06,17859.44921875,31420.19921875,15.025,6.25,2.776
2023-01-09,18101.19921875,31716.650390625,14.6525,6.25,2.776
2023-01-10,17914.150390625,31559.30078125,15.51,6.25,2.776
2023-01-11,17895.69921875,31457.19921875,15.435,6.25,2.776
2023-01-12,17858.19921875,31360.099609375,15.275,6.25,2.776
2023-01-13,17956.599609375,31328.349609375,14.46,6.25,2.776
2023-01-16,17894.849609375,31253.05078125,15.0225,6.25,2.776
2023-01-17,18053.30078125,31217.599609375,14.59,6.25,2.776
2023-01-18,18165.349609375,31379.30078125,14.3725,6.25,2.776
2023-01-19,18107.849609375,31344.599609375,13.96,6.25,2.776
2023-01-20,18027.650390625,31099.80078125,13.7875,6.25,2.776
2023-01-23,18118.55078125,31273.80078125,13.6175,6.25,2.776
2023-01-24,18118.30078125,31151.849609375,13.6575,6.25,2.776
2023-01-25,17891.94921875,30694.30078125,14.655,6.25,2.776
2023-01-27,17604.349609375,30241.900390625,17.32,6.25,2.776
2023-01-30,17648.94921875,30185.849609375,17.71,6.25,2.776
2023-01-31,17662.150390625,30676.44921875,16.875,6.25,2.776
2023-02-01,17616.30078125,30386.650390625,16.78,6.25,2.776
2023-02-02,17610.400390625,30433.0,15.7325,6.25,2.776
2023-02-03,17854.05078125,30378.099609375,14.3975,6.25,2.776
2023-02-06,17764.599609375,30670.650390625,14.6875,6.25,2.776
2023-02-07,17721.5,30663.80078125,14.125,6.25,2.776
2023-02-08,17871.69921875,30944.0,13.595,6.5,2.776
2023-02-09,17893.44921875,30956.650390625,13.04,,2.776
2023-02-10,17856.5,31029.44921875,12.745,,2.776
2023-02-13,17770.900390625,30565.349609375,13.68,,2.776
2023-02-14,17929.849609375,30481.80078125,13.4525,,2.776
2023-02-15,18015.849609375,30671.0,12.86,,2.776
2023-02-16,18035.849609375,30886.5,12.89,,2.776
2023-02-17,17944.19921875,30642.05078125,13.085,,2.776
2023-02-20,17844.599609375,30666.900390625,13.3825,,2.776
2023-02-21,17826.69921875,30556.80078125,14.0075,,2.776
2023-02-22,17554.30078125,30211.0,15.5875,,2.776
2023-02-23,17511.25,30165.650390625,15.075,,2.776
2023-02-24,17465.80078125,30103.400390625,14.185,,2.776
2023-02-27,17392.69921875,29894.900390625,13.875,,2.776
2023-02-28,17303.94921875,30117.30078125,14.02,,2.776
2023-03-01,17450.900390625,30584.099609375,12.995,,2.776
2023-03-02,17321.900390625,30486.75,12.97,,2.776
2023-03-03,17594.349609375,30697.650390625,12.18,,2.776
2023-03-06,17711.44921875,30960.05078125,12.2675,,2.776
2023-03-08,17754.400390625,31119.25,12.45,,2.776
2023-03-09,17589.599609375,30948.650390625,12.725,,2.776
2023-03-10,17412.900390625,30717.44921875,13.4125,,2.776
2023-03-13,17154.30078125,30106.849609375,16.215,,2.776
2023-03-14,17043.30078125,29949.349609375,16.2175,,2.776
2023-03-15,16972.150390625,29971.25,16.295,,2.776
2023-03-16,16985.599609375,29997.5,16.2175,,2.776
2023-03-17,17100.05078125,30092.25,14.7675,,2.776
2023-03-20,16988.400390625,29782.55078125,16.0075,,2.776
2023-03-21,17107.5,29958.150390625,15.0825,,2.776
2023-03-22,17151.900390625,30040.599609375,14.8075,,2.776
2023-03-23,17076.900390625,29916.69921875,14.49,,2.776
2023-03-24,16945.05078125,29565.44921875,15.24,,2.776
2023-03-27,16985.69921875,29426.599609375,15.445,,2.776
2023-03-28,16951.69921875,29324.75,15.1,,2.776
2023-03-29,17080.69921875,29775.55078125,13.6275,,2.776
2023-03-31,17359.75,30035.150390625,12.935,,2.776
2023-04-03,17398.05078125,30166.75,12.585,,2.776
2023-04-05,17557.05078125,30160.150390625,12.4125,,2.776
2023-04-06,17599.150390625,30353.80078125,11.7975,,2.776
2023-04-10,17624.05078125,30470.099609375,12.2725,,2.776
2023-04-11,17722.30078125,30623.5,11.975,,2.776
2023-04-12,17812.400390625,30824.05078125,12.2725,,2.776
2023-04-13,17828.0,30884.650390625,11.9075,,2.776
2023-04-17,17706.849609375,31006.5,12.265,,2.776
2023-04-18,17660.150390625,31240.75,12.075,,2.776
2023-04-19,17618.75,31211.25,12.1525,,2.776
2023-04-20,17624.44921875,31219.55078125,11.94,,2.776
2023-04-21,17624.05078125,31087.349609375,11.63,,2.776
2023-04-24,17743.400390625,31210.0,11.6675,,2.776
2023-04-25,17769.25,31180.599609375,11.52,,2.776
2023-04-26,17813.599609375,31228.849609375,11.6525,,2.776
2023-04-27,17915.05078125,31404.19921875,11.425,,2.776
2023-04-28,18065.0,31794.75,10.9475,,2.776
2023-05-02,18147.650390625,32101.80078125,11.8975,,2.776
2023-05-03,18089.849609375,32186.19921875,11.84,,2.776
2023-05-04,18255.80078125,32374.349609375,11.7325,,2.776
2023-05-05,18069.0,32148.849609375,12.295,,2.776
2023-05-08,18264.400390625,32476.099609375,12.635,,2.776
2023-05-09,18265.94921875,32488.5,12.6775,,2.776
2023-05-10,18315.099609375,32505.349609375,13.0825,,2.776
2023-05-11,18297.0,32601.30078125,13.215,,2.776
2023-05-12,18314.80078125,32468.44921875,12.8525,,2.776
2023-05-15,18398.849609375,32709.400390625,13.1725,,2.776
2023-05-16,18286.5,32792.8515625,13.2925,,2.776
2023-05-17,18181.75,32762.75,13.105,,2.776
2023-05-18,18129.94921875,32570.55078125,12.795,,2.776
2023-05-19,18203.400390625,32550.349609375,12.3025,,2.776
2023-05-22,18314.400390625,32756.400390625,12.57,,2.776
2023-05-23,18348.0,32961.8984375,12.605,,2.776
2023-05-24,18285.400390625,33031.3515625,13.1125,,2.776
2023-05-25,18321.150390625,33157.1015625,12.52,,2.776
2023-05-26,18499.349609375,33425.1015625,11.9,,2.776
2023-05-29,18598.650390625,33551.0,12.2975,,2.776
2023-05-30,18633.849609375,33635.30078125,12.01,,2.776
2023-05-31,18534.400390625,33761.30078125,11.9725,,2.776
2023-06-01,18487.75,33812.3984375,11.5975,,2.776
2023-06-02,18534.099609375,33966.80078125,11.125,,2.776
2023-06-05,18593.849609375,34015.19921875,11.1375,,2.776
2023-06-06,18599.0,34035.8984375,11.38,,2.776
2023-06-07,18726.400390625,34390.1015625,11.4425,,2.776
2023-06-08,18634.55078125,34200.3984375,11.2575,,2.776
2023-06-09,18563.400390625,34153.05078125,11.12,,2.776
2023-06-12,18601.5,34342.30078125,11.245,,2.776
2023-06-13,18716.150390625,34761.0,11.11,,2.776
2023-06-14,18755.900390625,34833.30078125,11.1625,,2.776
2023-06-15,18688.099609375,34907.0,11.08,,2.776
2023-06-16,18826.0,35144.30078125,10.84,,2.776
2023-06-19,18755.44921875,35158.05078125,11.225,,2.776
2023-06-20,18816.69921875,35329.19921875,11.1325,,2.776
2023-06-21,18856.849609375,35614.3984375,11.2925,,2.776
2023-06-22,18771.25,35235.25,11.5475,,2.776
2023-06-23,18665.5,34799.8984375,11.235,,2.776
2023-06-26,18691.19921875,35120.44921875,11.395,,2.776
2023-06-27,18817.400390625,35296.94921875,10.7775,,2.776
2023-06-28,18972.099609375,35520.94921875,10.8875,,2.776
2023-06-30,19189.05078125,35754.3515625,10.8,,2.776
2023-07-03,19322.55078125,35843.5,11.54,,2.776
2023-07-04,19389.0,35771.80078125,11.7,,2.776
2023-07-05,19398.5,36024.6484375,11.8825,,2.776
2023-07-06,19497.30078125,36373.1015625,11.84,,2.776
2023-07-07,19331.80078125,36076.80078125,11.5325,,2.776
2023-07-10,19355.900390625,35938.05078125,11.4625,,2.776
2023-07-11,19439.400390625,36252.8984375,11.0125,,2.776
2023-07-12,19384.30078125,36408.1484375,10.935,,2.776
2023-07-13,19413.75,36114.3515625,10.9375,,2.776
2023-07-14,19564.5,36528.94921875,10.6825,,2.776
2023-07-17,19711.44921875,36641.25,11.315,,2.776
2023-07-18,19749.25,36591.3984375,11.71,,2.776
2023-07-19,19833.150390625,36839.0,11.6,,2.776
2023-07-20,19979.150390625,36931.69921875,11.785,,2.776
2023-07-21,19745.0,36799.5,11.485,,2.776
2023-07-24,19672.349609375,36742.6015625,11.6525,,2.776
2023-07-25,19680.599609375,36887.6484375,10.2425,,2.776
2023-07-26,19778.30078125,37050.1015625,10.4575,,2.776
2023-07-27,19659.900390625,37151.6015625,10.5125,,2.776
2023-07-28,19646.05078125,37357.1484375,10.135,,2.776
2023-07-31,19753.80078125,37721.3515625,10.4125,,2.776
2023-08-01,19733.55078125,37733.44921875,10.2825,,2.776
2023-08-02,19526.55078125,37232.69921875,11.2775,,2.776
2023-08-03,19381.650390625,37326.1484375,11.185,,2.776
2023-08-04,19517.0,37630.6015625,10.5725,,2.776
2023-08-07,19597.30078125,37824.1484375,11.1025,,2.776
2023-08-08,19570.849609375,37912.5,11.325,,2.776
2023-08-09,19632.55078125,38037.0,11.14,,2.776
2023-08-10,19543.099609375,38007.6015625,11.4,,2.776
2023-08-11,19428.30078125,37836.1484375,11.5225,,2.776
2023-08-14,19434.55078125,37770.19921875,11.995,,2.776
2023-08-16,19465.0,37801.6484375,12.125,,2.776
2023-08-16,19465.0,37801.6484375,12.125,,2.776
2023-08-17,19365.25,37895.5,12.24,,2.776
2023-08-18,19310.150390625,37815.3984375,12.1425,,2.776
2023-08-21,19393.599609375,38126.3984375,11.96,,2.776
2023-08-22,19396.44921875,38544.30078125,11.7475,,2.776
2023-08-23,19444.0,38694.6484375,11.7275,,2.776
2023-08-24,19386.69921875,38789.0,11.7,,2.776
2023-08-25,19265.80078125,38471.25,12.0825,,2.776
2023-08-28,19306.05078125,38662.1484375,12.3975,,2.776
2023-08-29,19342.650390625,38794.80078125,12.225,,2.776
2023-08-30,19347.44921875,39077.55078125,11.8,,2.776
2023-08-31,19253.80078125,39118.6484375,12.0625,,2.776
2023-09-01,19435.30078125,39445.6015625,11.365,,2.776
2023-09-04,19528.80078125,39830.3515625,10.9625,,2.776
2023-09-05,19574.900390625,40253.6015625,10.815,,2.776
2023-09-06,19611.05078125,40284.1015625,10.6775,,2.776
2023-09-07,19727.05078125,40593.8984375,10.8725,,2.776
2023-09-08,19819.94921875,40977.75,10.78,,2.776
2023-09-11,19996.349609375,41444.19921875,11.3475,,2.776
2023-09-12,19993.19921875,40170.30078125,11.69,,2.776
2023-09-13,20070.0,40245.1015625,11.8275,,2.776
2023-09-14,20103.099609375,40716.05078125,11.3175,,2.776
2023-09-15,20192.349609375,40829.8984375,10.9025,,2.776
2023-09-18,20133.30078125,40658.19921875,10.835,,2.776
2023-09-20,19901.400390625,40543.8515625,11.1275,,2.776
2023-09-21,19742.349609375,40184.8515625,10.8175,,2.776
2023-09-22,19674.25,40139.1484375,10.66,,2.776
2023-09-25,19674.55078125,40405.69921875,10.9,,2.776
2023-09-26,19664.69921875,40338.8515625,11.185,,2.776
2023-09-27,19716.44921875,40640.80078125,11.585,,2.776
2023-09-28,19523.55078125,40104.05078125,12.8225,,2.776
2023-09-29,19638.30078125,40537.05078125,11.4525,,2.776
2023-10-03,19528.75,40608.8515625,11.7875,,2.776
2023-10-04,19436.099609375,40047.5,11.655,,2.776
2023-10-05,19545.75,40046.0,10.94,,2.776
2023-10-06,19653.5,40284.69921875,10.3,,2.776
2023-10-09,19512.349609375,39744.6484375,11.4,,2.776
2023-10-10,19689.849609375,40285.5,11.27,,2.776
2023-10-11,19811.349609375,40486.25,10.985,,2.776
2023-10-12,19794.0,40555.5,10.6175,,2.776
2023-10-13,19751.05078125,40506.1484375,10.6175,,2.776
2023-10-16,19731.75,40590.6484375,11.07,,2.776
2023-10-17,19811.5,40733.3515625,10.695,,2.776
2023-10-18,19671.099609375,40367.1484375,10.965,,2.776
2023-10-19,19624.69921875,40332.6015625,10.8975,,2.776
2023-10-20,19542.650390625,39878.75,10.8175,,2.776
2023-10-20,19542.650390625,39878.75,10.8175,,2.776
2023-10-23,19281.75,38817.3515625,10.905,,2.776
2023-10-25,19122.150390625,38564.25,11.3125,,2.776
2023-10-26,18857.25,38116.75,11.73,,2.776
2023-10-27,19047.25,38701.8515625,10.905,,2.776
2023-10-30,19140.900390625,38735.19921875,11.49,,2.776
2023-10-31,19079.599609375,38876.94921875,11.825,,2.776
2023-11-01,18989.150390625,38775.1015625,12.0475,,2.776
2023-11-02,19133.25,39312.44921875,11.075,,2.776
2023-11-03,19230.599609375,39587.3984375,10.8825,,2.776
2023-11-06,19411.75,39937.1015625,11.105,,2.776
2023-11-07,19406.69921875,40049.80078125,11.1925,,2.776
2023-11-08,19443.5,40446.8515625,11.0375,,2.776
2023-11-09,19395.30078125,40537.6484375,10.9825,,2.776
2023-11-10,19425.349609375,40733.05078125,11.1075,,2.776
2023-11-13,19443.55078125,41009.69921875,11.1875,,2.776
2023-11-15,19675.44921875,41404.8515625,11.135,,2.776
2023-11-16,19765.19921875,41726.30078125,11.6475,,2.776
2023-11-17,19731.80078125,41811.25,11.8275,,2.776
2023-11-20,19694.0,41856.44921875,12.1475,,2.776
2023-11-21,19783.400390625,41883.5,12.2325,,2.776
2023-11-22,19811.849609375,42027.1015625,11.865,,2.776
2023-11-23,19802.0,42027.30078125,11.315,,2.776
2023-11-24,19794.69921875,42050.44921875,11.33,,2.776
2023-11-28,19889.69921875,42278.0,12.175,,2.776
2023-11-29,20096.599609375,42618.69921875,12.7075,,2.776
2023-11-30,20133.150390625,42908.8984375,12.69,,2.776
2023-12-01,20267.900390625,43382.3984375,12.3825,,2.776
2023-12-04,20686.80078125,43918.6015625,12.9925,,2.776
2023-12-05,20855.099609375,44122.8984375,13.4575,,2.776
2023-12-06,20937.69921875,44232.44921875,13.74,,2.776
2023-12-07,20901.150390625,44495.0,12.6725,,2.776
2023-12-08,20969.400390625,44400.19921875,12.47,,2.776
2023-12-11,20997.099609375,44729.1484375,12.7575,,2.776
2023-12-12,20906.400390625,44555.75,12.7125,,2.776
2023-12-13,20926.349609375,44947.30078125,12.065,,2.776
2023-12-14,21182.69921875,45534.30078125,12.32,,2.776
2023-12-15,21456.650390625,45586.55078125,13.1275,,2.776
2023-12-18,21418.650390625,45685.1484375,13.9,,2.776
2023-12-19,21453.099609375,45512.44921875,13.8675,,2.776
2023-12-20,21150.150390625,44024.94921875,14.45,,2.776
2023-12-21,21255.05078125,44767.69921875,13.7575,,2.776
2023-12-21,21255.05078125,44767.69921875,13.7575,,2.776
2023-12-22,21349.400390625,45094.80078125,13.7075,,2.776
2023-12-26,21441.349609375,45388.1015625,14.6775,,2.776
2023-12-27,21654.75,45558.94921875,15.5575,,2.776
2023-12-28,21778.69921875,45815.25,15.14,,2.776
2023-12-29,21731.400390625,46181.6484375,14.5025,,2.776
2024-01-01,21741.900390625,,14.68,,2.776
2024-01-02,21665.80078125,46389.6484375,14.58,,2.776
2024-01-03,21517.349609375,46529.05078125,14.0975,,2.776
2024-01-04,21658.599609375,47309.69921875,13.33,,2.776
2024-01-05,21710.80078125,47396.30078125,12.63,,2.776
2024-01-08,21513.0,46894.3515625,13.4625,,2.776
2024-01-09,21544.849609375,46969.94921875,13.2625,,2.776
2024-01-10,21618.69921875,47107.1484375,12.97,,2.776
2024-01-11,21647.19921875,47337.30078125,12.7675,,2.776
2024-01-12,21894.55078125,47512.6015625,13.1,,2.776
2024-01-15,22097.44921875,47837.94921875,13.785,,2.776
2024-01-16,22032.30078125,47667.3984375,13.5725,,2.776
2024-01-17,21571.94921875,47151.55078125,15.08,,2.776
2024-01-18,21462.25,47099.8515625,14.07,,2.776
2024-01-19,21622.400390625,47815.94921875,13.8775,,2.776
2024-01-23,21238.80078125,46569.6015625,14.8525,,2.776
2024-01-24,21453.94921875,47423.3984375,14.375,,2.776
2024-01-25,21352.599609375,47208.6484375,13.865,,2.776
2024-01-29,21737.599609375,47979.05078125,15.68,,2.776
2024-01-30,21522.099609375,47791.94921875,16.1025,,2.776
2024-01-31,21725.69921875,48568.6015625,16.0475,,2.776
2024-02-01,21697.44921875,48298.0,14.455,,2.776
2024-02-02,21853.80078125,48477.0,14.6975,,2.776
2024-02-05,21771.69921875,48410.19921875,15.6175,,2.776
2024-02-06,21929.400390625,48984.6484375,15.785,,2.776
2024-02-07,21930.5,49352.05078125,15.505,,2.776
2024-02-08,21717.94921875,49327.80078125,15.8275,,2.776
2024-02-09,21782.5,48889.05078125,15.4475,,2.776
2024-02-12,21616.05078125,47675.80078125,16.0625,,2.776
2024-02-13,21743.25,47835.6484375,15.8075,,2.776
2024-02-14,21840.05078125,48331.8984375,15.435,,2.776
2024-02-15,21910.75,48821.8984375,15.225,,2.776
2024-02-16,22040.69921875,49131.94921875,15.2225,,2.776
2024-02-19,22122.25,,16.0175,,2.776
2024-02-20,22196.94921875,49248.44921875,16.0725,,2.776
2024-02-21,22055.05078125,48630.5,15.9275,,2.776
2024-02-22,22217.44921875,49128.3515625,15.1975,,2.776
2024-02-23,22212.69921875,49279.55078125,14.9725,,2.776
2024-02-26,22122.05078125,49102.30078125,15.6,,2.776
2024-02-27,22198.349609375,49041.19921875,15.7275,,2.776
2024-02-28,21951.150390625,48089.1015625,16.33,,2.776
2024-02-29,21982.80078125,48335.69921875,15.5725,,2.776
2024-03-01,22338.75,48790.6015625,15.235,,2.776
2024-03-04,22405.599609375,49248.8984375,14.9225,,2.776
2024-03-05,22356.30078125,49114.8984375,14.38,,2.776
2024-03-06,22474.05078125,48857.30078125,14.295,,2.776
2024-03-07,22493.55078125,48966.1484375,13.6125,,2.776
2024-03-11,22332.650390625,48774.6484375,13.995,,2.776
2024-03-12,22335.69921875,48086.8515625,13.6375,,2.776
2024-03-13,21997.69921875,45971.3984375,14.4325,,2.776
2024-03-14,22146.650390625,46901.19921875,13.6225,,2.776
2024-03-15,22023.349609375,46685.6015625,13.69,,2.776
2024-03-18,22055.69921875,46501.6484375,13.895,,2.776
2024-03-19,21817.44921875,45926.30078125,14.1125,,2.776
2024-03-20,21839.099609375,45919.8984375,13.4725,,2.776
2024-03-21,22011.94921875,47033.55078125,12.5125,,2.776
2024-03-22,22096.75,47312.8515625,12.22,,2.776
2024-03-26,22004.69921875,47807.6484375,12.82,,2.776
2024-03-27,22123.650390625,47837.3515625,12.7025,,2.776
2024-03-28,22326.900390625,48075.75,12.8325,,2.776
2024-04-01,22462.0,48912.05078125,12.0825,,2.776
2024-04-02,22453.30078125,49479.30078125,11.6525,,2.776
2024-04-03,22434.650390625,49736.69921875,11.3725,,2.776
2024-04-04,22514.650390625,49743.80078125,11.22,,2.776
2024-04-05,22513.69921875,50022.8515625,11.3375,,2.776
2024-04-08,22666.30078125,50041.3984375,11.61,,2.776
2024-04-09,22642.75,49894.69921875,11.355,,2.776
2024-04-10,22753.80078125,50380.3984375,11.1075,,2.776
2024-04-12,22519.400390625,50067.55078125,11.5325,,2.776
2024-04-15,22272.5,49281.0,12.4675,,2.776
2024-04-16,22147.900390625,49236.6484375,12.615,,2.776
2024-04-18,21995.849609375,48995.69921875,13.04,,2.776
2024-04-19,22147.0,48696.94921875,13.4575,,2.776
2024-04-22,22336.400390625,49096.3984375,12.7,,2.776
2024-04-23,22368.0,49614.8515625,10.195,,2.776
2024-04-24,22402.400390625,49991.8984375,10.275,,2.776
2024-04-25,22570.349609375,50228.5,10.73,,2.776
2024-04-26,22419.94921875,50624.1015625,10.925,,2.776
2024-04-29,22643.400390625,50834.44921875,12.235,,2.776
2024-04-30,22604.849609375,50868.19921875,12.87,,2.776
2024-05-02,22648.19921875,51115.1015625,13.445,,2.776
2024-05-03,22475.849609375,50935.1484375,14.6175,,2.776
2024-05-06,22442.69921875,50662.19921875,16.6,,2.776
2024-05-07,22302.5,49674.44921875,17.0075,,2.776
2024-05-08,22302.5,50036.30078125,17.08,,2.776
2024-05-09,21957.5,49109.1484375,18.2,,2.776
2024-05-10,22055.19921875,49532.30078125,18.4725,,2.776
2024-05-13,22104.05078125,49735.3984375,20.6,,2.776
2024-05-14,22217.849609375,50225.19921875,20.195,,2.776
2024-05-15,22200.55078125,50707.75,20.2725,,2.776
2024-05-16,22403.849609375,51153.30078125,19.995,,2.776
2024-05-17,22466.099609375,51604.8984375,19.7975,,2.776
2024-05-21,22529.05078125,52068.30078125,21.81,,2.776
2024-05-22,22597.80078125,52167.5,21.4675,,2.776
2024-05-23,22967.650390625,52418.55078125,21.38,,2.776
2024-05-24,22957.099609375,52424.44921875,21.71,,2.776
2024-05-27,22932.44921875,52761.75,23.1925,,2.776
2024-05-28,22888.150390625,52294.80078125,24.195,,2.776
2024-05-29,22704.69921875,52125.75,24.175,,2.776
2024-05-30,22488.650390625,51426.8515625,24.175,,2.776
2024-05-31,22530.69921875,51705.69921875,24.6025,,2.776
2024-06-03,23263.900390625,53353.3515625,20.9375,,2.776
2024-06-04,21884.5,49150.80078125,26.7475,,2.776
2024-06-05,22620.349609375,51266.69921875,18.885,,2.776
2024-06-06,22821.400390625,52413.69921875,16.8,,2.776
2024-06-07,23290.150390625,53194.69921875,16.8825,,2.776
2024-06-10,23259.19921875,53235.75,16.3975,,2.776
2024-06-11,23264.849609375,53666.5,14.765,,2.776
2024-06-12,23322.94921875,54226.1015625,14.3875,,2.776
2024-06-13,23398.900390625,54652.25,13.4875,,2.776
2024-06-14,23465.599609375,55225.94921875,12.8225,,2.776
2024-06-18,23557.900390625,55490.05078125,12.965,,2.776
2024-06-19,23516.0,54951.69921875,13.7125,,2.776
2024-06-20,23567.0,55473.80078125,13.345,,2.776
2024-06-21,23501.099609375,55429.1484375,13.18,,2.776
2024-06-21,23501.099609375,55429.1484375,13.18,,2.776
2024-06-24,23537.849609375,55577.05078125,14.0575,,2.776
2024-06-25,23721.30078125,55368.55078125,14.3125,,2.776
2024-06-26,23868.80078125,55245.80078125,14.045,,2.776
2024-06-27,24044.5,55424.25,14.1525,,2.776
2024-06-28,24010.599609375,55736.8984375,13.8025,,2.776
2024-07-01,24141.94921875,56292.5,13.83,,2.776
2024-07-02,24123.849609375,55854.69921875,13.64,,2.776
2024-07-03,24286.5,56293.30078125,13.205,,2.776
2024-07-04,24302.150390625,56618.6015625,12.855,,2.776
2024-07-05,24323.849609375,57089.44921875,12.695,,2.776
2024-07-08,24320.55078125,56888.19921875,13.6,,2.776
2024-07-09,24433.19921875,57077.55078125,14.28,,2.776
2024-07-10,24324.44921875,56921.1484375,14.4325,,2.776
2024-07-11,24315.94921875,57148.25,13.995,,2.776
2024-07-12,24502.150390625,57173.80078125,13.725,,2.776
2024-07-15,24586.69921875,57664.44921875,14.1875,,2.776
2024-07-16,24613.0,57664.0,14.2225,,2.776
2024-07-18,24800.849609375,57111.1015625,14.51,,2.776
2024-07-19,24530.900390625,55908.30078125,14.825,,2.776
2024-07-22,24509.25,56624.6484375,15.4375,,2.776
2024-07-23,24479.05078125,56285.25,12.7475,,2.776
2024-07-24,24413.5,56872.75,11.7625,,2.776
2024-07-25,24406.099609375,56741.75,12.6175,,2.776
2024-07-26,24834.849609375,57768.1015625,12.2475,,2.776
2024-07-29,24836.099609375,58362.05078125,12.945,,2.776
2024-07-30,24857.30078125,58623.3984375,12.88,,2.776
2024-07-31,24951.150390625,58990.8984375,13.25,,2.776
2024-08-01,25010.900390625,58490.3984375,12.93,,2.776
2024-08-02,24717.69921875,57913.6484375,14.32,,2.776
2024-08-05,24055.599609375,55857.25,20.3675,,2.776
2024-08-06,23992.55078125,55515.55078125,18.7425,,2.776
2024-08-07,24297.5,56873.80078125,16.17,,2.776
2024-08-08,24117.0,56681.19921875,16.6025,,2.776
2024-08-09,24367.5,57174.3984375,15.335,,2.776
2024-08-12,24347.0,57330.6015625,15.8675,,2.776
2024-08-13,24139.0,56881.5,16.1675,,2.776
2024-08-14,24143.75,56547.05078125,15.435,,2.776
2024-08-16,24541.150390625,57656.0,14.4025,,2.776
2024-08-19,24572.650390625,57760.8984375,14.315,,2.776
2024-08-20,24698.849609375,58247.8515625,13.82,,2.776
2024-08-21,24770.19921875,58444.05078125,13.3325,,2.776
2024-08-22,24811.5,58844.8515625,13.0,,2.776
2024-08-23,24823.150390625,58555.30078125,13.5525,,2.776
2024-08-26,25010.599609375,58931.1484375,13.795,,2.776
2024-08-27,25017.75,59220.25,13.6325,,2.776
2024-08-28,25052.349609375,59146.3984375,13.95,,2.776
2024-08-29,25151.94921875,58883.94921875,13.7875,,2.776
2024-08-30,25235.900390625,59286.6484375,13.3925,,2.776
2024-09-02,25278.69921875,59152.6484375,14.06,,2.776
2024-09-03,25279.849609375,59297.8515625,13.8425,,2.776
2024-09-04,25198.69921875,59223.69921875,14.3775,,2.776
2024-09-05,25145.099609375,59448.5,14.2075,,2.776
2024-09-06,24852.150390625,58501.94921875,15.2175,,2.776
2024-09-09,24936.400390625,58347.3984375,14.2375,,2.776
2024-09-10,25041.099609375,59039.05078125,13.36,,2.776
2024-09-11,24918.44921875,58938.05078125,13.6275,,2.776
2024-09-12,25388.900390625,59640.30078125,13.1825,,2.776
2024-09-13,25356.5,60034.05078125,12.55,,2.776
2024-09-16,25383.75,60259.75,12.46,,2.776
2024-09-17,25418.55078125,60180.75,12.59,,2.776
2024-09-18,25377.55078125,59752.8515625,13.3725,,2.776
2024-09-19,25415.80078125,59351.8984375,12.47,,2.776
2024-09-20,25790.94921875,60208.80078125,12.79,,2.776
2024-09-23,25939.05078125,60712.3984375,13.785,,2.776
2024-09-24,25940.400390625,60850.80078125,13.3925,,2.776
2024-09-25,26004.150390625,60465.1484375,12.7425,,2.776
2024-09-26,26216.05078125,60469.1484375,12.0025,,2.776
2024-09-27,26178.94921875,60381.1484375,11.9625,,2.776
2024-09-30,25810.849609375,60153.80078125,12.7875,,2.776
2024-10-01,25796.900390625,60358.30078125,11.9875,,2.776
2024-10-03,25250.099609375,59024.69921875,13.17,,2.776
2024-10-04,25014.599609375,58474.44921875,14.1275,,2.776
2024-10-07,24795.75,57300.19921875,15.08,,2.776
2024-10-08,25013.150390625,58535.8984375,14.5875,,2.776
2024-10-09,24981.94921875,59102.6484375,14.1225,,2.776
2024-10-10,24998.44921875,58935.8515625,13.495,,2.776
2024-10-11,24964.25,59212.69921875,13.22,,2.776
2024-10-14,25127.94921875,59465.44921875,12.995,,2.776
2024-10-15,25057.349609375,59593.25,13.0025,,2.776
2024-10-16,24971.30078125,59451.8515625,13.0525,,2.776
2024-10-17,24749.849609375,58465.94921875,13.3875,,2.776
2024-10-18,24854.05078125,58649.1484375,13.0375,,2.776
2024-10-21,24781.099609375,57677.69921875,13.7625,,2.776
2024-10-22,24472.099609375,56174.05078125,14.395,,2.776
2024-10-23,24435.5,56533.55078125,14.6225,,2.776
2024-10-24,24399.400390625,56349.75,13.97,,2.776
2024-10-25,24180.80078125,55277.94921875,14.6325,,2.776
2024-10-28,24339.150390625,55736.6015625,14.29,,2.776
2024-10-29,24466.849609375,56251.30078125,14.515,,2.776
2024-10-30,24340.849609375,56339.25,15.51,,2.776
2024-10-31,24205.349609375,56112.8515625,15.55,,2.776
2024-11-01,24304.349609375,56496.05078125,15.9025,,2.776
2024-11-04,23995.349609375,55784.55078125,16.6875,,2.776
2024-11-05,24213.30078125,56115.44921875,16.1225,,2.776
2024-11-06,24484.05078125,57355.80078125,14.8675,,2.776
2024-11-07,24199.349609375,57109.1484375,14.94,,2.776
2024-11-08,24148.19921875,56352.0,14.47,,2.776
2024-11-11,24141.30078125,55853.75,14.27,,2.776
2024-11-12,23883.44921875,55257.5,14.59,,2.776
2024-11-13,23559.05078125,53800.8515625,15.435,,2.776
2024-11-14,23532.69921875,54043.1015625,14.775,,2.776
2024-11-18,23453.80078125,54044.80078125,15.1675,,2.776
2024-11-19,23518.5,54548.25,15.6625,,2.776
2024-11-21,23349.900390625,54385.3515625,15.99,,2.776
2024-11-22,23907.25,55016.8515625,16.0975,,2.776
2024-11-25,24221.900390625,55900.55078125,15.3025,,2.776
2024-11-26,24194.5,55914.3984375,15.305,,2.776
2024-11-27,24274.900390625,56272.3515625,14.625,,2.776
2024-11-28,23914.150390625,56300.75,15.205,,2.776
2024-11-29,24131.099609375,56392.6484375,14.425,,2.776
2024-12-02,24276.05078125,57000.8515625,14.7,,2.776
2024-12-03,24457.150390625,57509.0,14.3725,,2.776
2024-12-04,24467.44921875,58112.3984375,14.45,,2.776
2024-12-05,24708.400390625,58441.55078125,14.5275,,2.776
2024-12-06,24677.80078125,58704.6015625,14.14,,2.776
2024-12-09,24619.0,58998.75,14.1075,,2.776
2024-12-10,24610.05078125,59135.3984375,13.7775,,2.776
2024-12-11,24641.80078125,59292.94921875,13.2675,,2.776
2024-12-12,24548.69921875,59021.69921875,13.19,,2.776
2024-12-13,24768.30078125,58991.55078125,13.0525,,2.776
2024-12-16,24668.25,59443.05078125,14.02,,2.776
2024-12-17,24336.0,59101.8984375,14.485,,2.776
2024-12-18,24198.849609375,58723.25,14.3725,,2.776
2024-12-19,23951.69921875,58556.25,14.51,,2.776
2024-12-20,23587.5,56906.75,15.0725,,2.776
2024-12-23,23753.44921875,57092.8984375,13.52,,2.776
2024-12-24,23727.650390625,57057.8984375,13.1775,,2.776
2024-12-26,23750.19921875,57125.69921875,14.035,,2.776
2024-12-27,23813.400390625,56979.80078125,13.2375,,2.776
2024-12-30,23644.900390625,57189.75,13.9725,,2.776
2024-12-31,23644.80078125,57199.44921875,14.4475,,2.776
2025-01-01,23742.900390625,,14.5075,,2.776
2025-01-02,24188.650390625,58108.19921875,13.7375,,2.776
2025-01-03,24004.75,57931.05078125,13.54,,2.776
2025-01-06,23616.05078125,56366.94921875,15.65,,2.776
2025-01-07,23707.900390625,56869.30078125,14.66,,2.776
2025-01-08,23688.94921875,56270.6015625,14.465,,2.776
2025-01-09,23526.5,55745.8984375,14.6575,,2.776
2025-01-10,23431.5,54585.75,14.915,,2.776
2025-01-13,23085.94921875,52390.3984375,15.9975,,2.776
2025-01-14,23176.05078125,53676.5,15.47,,2.776
2025-01-15,23213.19921875,53899.0,15.2575,,2.776
2025-01-16,23311.80078125,54483.80078125,15.465,,2.776
2025-01-17,23203.19921875,54607.6484375,15.7475,,2.776
2025-01-20,23344.75,55106.19921875,16.415,,2.776
2025-01-21,23024.650390625,53834.94921875,17.055,,2.776
2025-01-22,23155.349609375,53113.5,16.7725,,2.776
2025-01-23,23205.349609375,54098.8515625,16.695,,2.776
2025-01-24,23092.19921875,53262.94921875,16.745,,2.776
2025-01-27,22829.150390625,51795.8984375,18.1325,,2.776
2025-01-28,22957.25,51529.44921875,18.195,,2.776
2025-01-29,23163.099609375,52718.8515625,18.64,,2.776
2025-01-30,23249.5,52714.25,17.39,,2.776
2025-01-31,23508.400390625,53712.19921875,16.2475,,2.776
2025-02-03,23361.05078125,52988.80078125,14.3525,,2.776
2025-02-04,23739.25,53813.80078125,14.0175,,2.776
2025-02-05,23696.30078125,54180.8515625,14.0825,,2.776
2025-02-06,23603.349609375,53500.8515625,14.175,,2.776
2025-02-07,23559.94921875,53609.1484375,13.685,,2.776
2025-02-10,23381.599609375,52471.05078125,14.445,,2.776
2025-02-11,23071.80078125,50887.94921875,14.87,,2.776
2025-02-12,23045.25,50756.3984375,14.895,,2.776
2025-02-13,23031.400390625,50881.19921875,14.955,,2.776
2025-02-14,22929.25,49654.1484375,15.015,,2.776
2025-02-17,22959.5,49849.8515625,15.7225,,2.776
2025-02-18,22945.30078125,49751.44921875,15.665,,2.776
2025-02-19,22932.900390625,50527.25,15.42,,2.776
2025-02-20,22913.150390625,51163.80078125,14.6825,,2.776
2025-02-21,22795.900390625,50486.19921875,14.53,,2.776
2025-02-24,22553.349609375,50013.1015625,14.44,,2.776
2025-02-25,22547.55078125,49702.1484375,13.72,,2.776
2025-02-27,22545.05078125,49136.75,13.31,,2.776
2025-02-28,22124.69921875,47915.19921875,13.91,,2.776
2025-03-03,22119.30078125,47984.1484375,13.76,,2.776
2025-03-04,22082.650390625,48007.8515625,13.83,,2.776
2025-03-05,22337.30078125,49168.3515625,13.67,,2.776
2025-03-06,22544.69921875,49348.1015625,13.73,,2.776
2025-03-07,22552.5,49190.6015625,13.47,,2.776
2025-03-10,22460.30078125,48440.1015625,13.99,,2.776
2025-03-11,22497.900390625,48762.75,14.07,,2.776
2025-03-12,22470.5,48486.6015625,13.69,,2.776
2025-03-13,22397.19921875,48125.1015625,13.28,,2.776
2025-03-17,22508.75,48461.80078125,13.42,,2.776
2025-03-18,22834.30078125,49516.8984375,13.21,,2.776
2025-03-19,22907.599609375,50817.1015625,13.3,,2.776
2025-03-20,23190.650390625,51144.3984375,12.6,,2.776
2025-03-21,23350.400390625,51850.75,12.58,,2.776
2025-03-24,23658.349609375,52524.05078125,13.7,,2.776
2025-03-25,23668.650390625,51969.75,13.64,,2.776
2025-03-26,23486.849609375,51646.1484375,13.47,,2.776
2025-03-27,23591.94921875,51839.3984375,13.3,,2.776
2025-03-28,23519.349609375,51672.25,12.72,,2.776
2025-04-01,23165.69921875,51229.6015625,13.78,,2.776
2025-04-02,23332.349609375,52053.19921875,13.72,,2.776
2025-04-03,23250.099609375,52162.1484375,13.6,,2.776
2025-04-04,22904.44921875,50645.94921875,13.76,,2.776
2025-04-07,22161.599609375,48809.44921875,,,2.776
2025-04-08,22535.849609375,49838.0,,,2.776
